-- phpMyAdmin SQL Dump
-- version 4.6.6
-- https://www.phpmyadmin.net/
--
-- Servidor: localhost
-- Tiempo de generación: 12-07-2019 a las 01:58:52
-- Versión del servidor: 5.7.17-log
-- Versión de PHP: 5.6.30

SET SQL_MODE = "NO_AUTO_VALUE_ON_ZERO";
SET time_zone = "+00:00";


/*!40101 SET @OLD_CHARACTER_SET_CLIENT=@@CHARACTER_SET_CLIENT */;
/*!40101 SET @OLD_CHARACTER_SET_RESULTS=@@CHARACTER_SET_RESULTS */;
/*!40101 SET @OLD_COLLATION_CONNECTION=@@COLLATION_CONNECTION */;
/*!40101 SET NAMES utf8mb4 */;

--
-- Base de datos: `quorumconjuntox`
--

-- --------------------------------------------------------

--
-- Estructura de tabla para la tabla `asistencia_quorum`
--

CREATE TABLE `asistencia_quorum` (
  `id_asistencia` int(11) NOT NULL,
  `codigo_propietario` varchar(15) CHARACTER SET utf8 NOT NULL,
  `nombre_propietario` varchar(50) COLLATE utf8_spanish_ci NOT NULL,
  `coeficiente` float NOT NULL,
  `hora_registro` datetime NOT NULL
) ENGINE=MyISAM DEFAULT CHARSET=utf8 COLLATE=utf8_spanish_ci;

--
-- Volcado de datos para la tabla `asistencia_quorum`
--

INSERT INTO `asistencia_quorum` (`id_asistencia`, `codigo_propietario`, `nombre_propietario`, `coeficiente`, `hora_registro`) VALUES
(1, '01-101', 'ALONSO REY JUAN MAURICIO', 0.288, '2017-03-26 12:26:46');

-- --------------------------------------------------------

--
-- Estructura de tabla para la tabla `cuantonionarino`
--

CREATE TABLE `cuantonionarino` (
  `id_apto` int(11) NOT NULL,
  `bloque` varchar(6) COLLATE utf8_spanish_ci NOT NULL,
  `apto` char(5) COLLATE utf8_spanish_ci NOT NULL,
  `nombre` varchar(60) COLLATE utf8_spanish_ci NOT NULL,
  `coeficiente` float NOT NULL,
  `codigo` varchar(10) COLLATE utf8_spanish_ci NOT NULL
) ENGINE=MyISAM DEFAULT CHARSET=utf8 COLLATE=utf8_spanish_ci;

--
-- Volcado de datos para la tabla `cuantonionarino`
--

INSERT INTO `cuantonionarino` (`id_apto`, `bloque`, `apto`, `nombre`, `coeficiente`, `codigo`) VALUES
(1, 'A1-1', '0101', 'EMILIA MARGARITA CORRALES', 0.1877, 'A1-1-0101'),
(2, 'A1-1', '0102', 'RUTH DEL CARMEN RAMIREZ', 0.1877, 'A1-1-0102'),
(3, 'A1-1', '0201', 'MARIO ALBERTO PALACIOS MORENO', 0.1877, 'A1-1-0201'),
(4, 'A1-1', '0202', 'LUIS ALBERTO SANCHEZ', 0.1877, 'A1-1-0202'),
(5, 'A1-1', '0301', 'ADRIANA C. Y JOSEFINA ARDILA DI', 0.1877, 'A1-1-0301'),
(6, 'A1-1', '0302', 'CARLOS SANMIGUEL', 0.1877, 'A1-1-0302'),
(7, 'A1-1', '0401', 'MARTHA DUARTE CAMARGO', 0.1877, 'A1-1-0401'),
(8, 'A1-1', '0402', 'ORLANDO GOMEZ L.', 0.1877, 'A1-1-0402'),
(9, 'A1-2', '0101', 'HERNANDO ORTIZ/ ALBA ORTIZ', 0.1877, 'A1-2-0101'),
(10, 'A1-2', '0102', 'MIRIAM ALICIA NIÑO', 0.1877, 'A1-2-0102'),
(11, 'A1-2', '0201', 'CATERINE DE BECERRA', 0.1877, 'A1-2-0201'),
(12, 'A1-2', '0202', 'GLADYS IBAÑEZ', 0.1877, 'A1-2-0202'),
(13, 'A1-2', '0301', 'RAFAEL ANGARITA Y MARTHA ANGARITA', 0.1877, 'A1-2-0301'),
(14, 'A1-2', '0302', 'ISABEL AMORTEGUI IBAÑEZ', 0.1877, 'A1-2-0302'),
(15, 'A1-2', '0401', 'HECTOR MANUEL RODRIGUEZ C.', 0.1877, 'A1-2-0401'),
(16, 'A1-2', '0402', 'LUCILA DE JIMENEZ', 0.1877, 'A1-2-0402'),
(17, 'A1-2', '0101', 'ARMADA NACIONAL', 3.0032, 'A1-2-0101'),
(18, 'A3-5', '0101', 'LUIS ANTONIO AVENDA¥O', 0.1877, 'A3-5-0101'),
(19, 'A3-5', '0102', 'CARMEN  RIVEROS Y NATHALIA  A.', 0.1877, 'A3-5-0102'),
(20, 'A3-5', '0201', 'PABLO CRUZ', 0.1877, 'A3-5-0201'),
(21, 'A3-5', '0202', 'VICTOR MANUEL CARRILLO', 0.1877, 'A3-5-0202'),
(22, 'A3-5', '0301', 'CATALINA MARIA MENDEZ', 0.1877, 'A3-5-0301'),
(23, 'A3-5', '0302', 'ALCIRA RODRIGUEZ B.', 0.1877, 'A3-5-0302'),
(24, 'A3-5', '0401', 'GERMAN HERNANDEZ', 0.1877, 'A3-5-0401'),
(25, 'A3-5', '0402', 'ALFONSO SOLER', 0.1877, 'A3-5-0402'),
(26, 'A3-6', '0101', 'EMIRO MARMOLEJO ARAGON', 0.1877, 'A3-6-0101'),
(27, 'A3-6', '0102', 'CARLOS DIAZ', 0.1877, 'A3-6-0102'),
(28, 'A3-6', '0201', 'MARLENY QUINTERO CAMACHO', 0.1877, 'A3-6-0201'),
(29, 'A3-6', '0202', 'JAIME ORLANDO RODRIGUEZ', 0.1877, 'A3-6-0202'),
(30, 'A3-6', '0301', 'FABIO VILLEGAS O.', 0.1877, 'A3-6-0301'),
(31, 'A3-6', '0302', 'JAIME  RODRIGUEZ BAUTISTA', 0.1877, 'A3-6-0302'),
(32, 'A3-6', '0401', 'JUSTO RUFINO MENA/IRMA CARVAJAL', 0.1877, 'A3-6-0401'),
(33, 'A3-6', '0402', 'MICHAEL ACOSTA', 0.1877, 'A3-6-0402'),
(34, 'A4-7', '0101', 'CARMEN INES GRACIA', 0.1877, 'A4-7-0101'),
(35, 'A4-7', '0102', 'MIRIAM CAMARGO', 0.1877, 'A4-7-0102'),
(36, 'A4-7', '0201', 'ELVIRA GUZMAN', 0.1877, 'A4-7-0201'),
(37, 'A4-7', '0202', 'ANGELICA GAMEZ', 0.1877, 'A4-7-0202'),
(38, 'A4-7', '0301', 'ROSA DE URIBE', 0.1877, 'A4-7-0301'),
(39, 'A4-7', '0302', 'ENRIQUE SANCHEZ GOMEZ', 0.1877, 'A4-7-0302'),
(40, 'A4-7', '0401', 'DALIA PILAR RIACHI Y/O JUAN', 0.1877, 'A4-7-0401'),
(41, 'A4-7', '0402', 'MARIA TERESA PINTO OCAMPO', 0.1877, 'A4-7-0402'),
(42, 'A4-8', '0101', 'FABIO CORREA', 0.1877, 'A4-8-0101'),
(43, 'A4-8', '0102', 'LUCIA BAUTISTA YFDO GARCIA', 0.1877, 'A4-8-0102'),
(44, 'A4-8', '0201', 'JANETH Y GERMAN TAMAYO', 0.1877, 'A4-8-0201'),
(45, 'A4-8', '0202', 'CARLOS OCAMPO RAMIREZ', 0.1877, 'A4-8-0202'),
(46, 'A4-8', '0301', 'HERNANDO CARVAJALINO B.', 0.1877, 'A4-8-0301'),
(47, 'A4-8', '0302', 'JOAQUIN HERNANDEZ PRADA', 0.1877, 'A4-8-0302'),
(48, 'A4-8', '0401', 'DALIA RIACHI Y JUAN MANUEL H.', 0.1877, 'A4-8-0401'),
(49, 'A4-8', '0402', ' GERMAN ROJAS MARTINEZ', 0.1877, 'A4-8-0402'),
(50, 'A5-9', '0101', ' LUIS ALBERTO NIETO R.', 0.1877, 'A5-9-0101'),
(51, 'A5-9', '0102', ' HECTOR FLOREZ SALAZAR', 0.1877, 'A5-9-0102'),
(52, 'A5-9', '0201', ' ERNESTO NIETO M./LAURA PIDHIRNA', 0.1877, 'A5-9-0201'),
(53, 'A5-9', '0202', ' JOAQUIN CARACCIOLO MOLANO', 0.1877, 'A5-9-0202'),
(54, 'A5-9', '0301', 'RAFAEL ANGARITA Y MARTHA ANGARITA', 0.1877, 'A5-9-0301'),
(55, 'A5-9', '0302', ' EDUARDO PASOS', 0.1877, 'A5-9-0302'),
(56, 'A5-9', '0401', ' DORA DE MORALES', 0.1877, 'A5-9-0401'),
(57, 'A5-9', '0402', ' MARIA LUCY GARZON', 0.1877, 'A5-9-0402'),
(58, 'A5-10', '0101', ' VICENTE CUERVO', 0.1877, 'A5-10-0101'),
(59, 'A5-10', '0102', ' ELISA GARCIA', 0.1877, 'A5-10-0102'),
(60, 'A5-10', '0201', ' FABIO VILLAMIL/ MARGARITA ROJA', 0.1877, 'A5-10-0201'),
(61, 'A5-10', '0202', ' ALBERTO  HORTUA', 0.1877, 'A5-10-0202'),
(62, 'A5-10', '0301', ' LEONOR NIETO DE PRADA', 0.1877, 'A5-10-0301'),
(63, 'A5-10', '0302', ' GLADYS SOFIA BAUTISTA OCHOA', 0.1877, 'A5-10-0302'),
(64, 'A5-10', '0401', ' PATRICIA DEL CONSUELO NIÑO O', 0.1877, 'A5-10-0401'),
(65, 'A5-10', '0402', ' IMELDA LOPEZ GOMEZ', 0.1877, 'A5-10-0402'),
(66, 'A6-11', '0101', ' MARIELA CASTRO DE JIMENEZ', 0.1877, 'A6-11-0101'),
(67, 'A6-11', '0102', ' ALVARO DUARTE', 0.1877, 'A6-11-0102'),
(68, 'A6-11', '0201', ' HERNANDO FORERO', 0.1877, 'A6-11-0201'),
(69, 'A6-11', '0202', ' ISABEL BOTERO BOTERO', 0.1877, 'A6-11-0202'),
(70, 'A6-11', '0301', ' PEDRO YANCES S/HILVA DE YANCES', 0.1877, 'A6-11-0301'),
(71, 'A6-11', '0302', ' FERNANDO ENRIQUE TOBON H.', 0.1877, 'A6-11-0302'),
(72, 'A6-11', '0401', ' ARTURO VALENCIA FERNANDEZ', 0.1877, 'A6-11-0401'),
(73, 'A6-11', '0402', ' OLGA GUACANEME DE ROJAS', 0.1877, 'A6-11-0402'),
(74, 'A6-12', '0101', ' JULIA MARINA BAQUERO', 0.1877, 'A6-12-0101'),
(75, 'A6-12', '0102', ' CAROLINA KUNZEL ESPINOZA', 0.1877, 'A6-12-0102'),
(76, 'A6-12', '0201', ' LEONOR NIETO DE PRADA', 0.1877, 'A6-12-0201'),
(77, 'A6-12', '0202', ' RAFAEL MIER DUNCAN', 0.1877, 'A6-12-0202'),
(78, 'A6-12', '0301', ' OFELIA DE ZETINA', 0.1877, 'A6-12-0301'),
(79, 'A6-12', '0302', ' ANA CECILIA CHAVEZ DE VALENCIA', 0.1877, 'A6-12-0302'),
(80, 'A6-12', '0401', ' MARTA MARIA SAADE GRANADOS', 0.1877, 'A6-12-0401'),
(81, 'A6-12', '0402', ' LUIS EDUARDO LOPEZ', 0.1877, 'A6-12-0402'),
(82, 'APC', '302', 'APTO COMUNAL NIDIA BOTERO', 0.0674, 'APC-302'),
(83, 'APC', '0303', 'APTO COMUNAL DESOCUPADO', 0.0674, 'APC-0303'),
(84, 'APC', '0304', 'APTO COMUNAL JOHANA ORGULLO ORTIZ', 0.0674, 'APC-0304'),
(85, 'APC', '0304', 'APTO COMUNAL CLARA LEAL MURILLO', 0.0674, 'APC-0304'),
(86, 'APC', '0305', 'APTO COMUNAL LENDY GUTIERREZ R', 0.0674, 'APC-0305'),
(87, 'APC', '0305', 'APTO COMUNAL YIRA MONTERO', 0.0674, 'APC-0305'),
(88, 'APC', '0306', 'APTO COMUNAL CATALINA VALENCIA GRACIA', 0.0674, 'APC-0306'),
(89, 'APC', '0306', 'APTO COMUNAL- SUSANA NIVIA GIL', 0.0674, 'APC-0306'),
(90, 'B1', '0201', 'JAIME Y HECTOR ANGARITA CORRED', 0.1475, 'B1-0201'),
(91, 'B1', '0202', 'OLGA GUACANEME DE ROJAS', 0.1475, 'B1-0202'),
(92, 'B1', '0203', 'JULIO ALBERTO ZAPATA', 0.1475, 'B1-0203'),
(93, 'B1', '0204', 'OLGA MORENO Y PAULO LOZANO', 0.1668, 'B1-0204'),
(94, 'B1', '0205', 'ANGELA PAOLA RAMIREZ PINILLA', 0.1668, 'B1-0205'),
(95, 'B1', '0206', 'JOHANNA ISABEL SALINAS', 0.1475, 'B1-0206'),
(96, 'B1', '0207', 'VICTOR ROJAS/ NOHORA LOPEZ', 0.1475, 'B1-0207'),
(97, 'B1', '0208', 'BERTHA J.NIÑO MARTINEZ', 0.1475, 'B1-0208'),
(98, 'B1', '0301', 'LUIS E. GUTIERREZ/ DIOSELINA SANC', 0.1475, 'B1-0301'),
(99, 'B1', '0302', 'EFRAIN GARCIA', 0.1259, 'B1-0302'),
(100, 'B1', '0303', 'STELLA BOTERO DE FRANCO', 0.1259, 'B1-0303'),
(101, 'B1', '0304', 'ALBA ROCIO MENDEZ CORTEZ', 0.1259, 'B1-0304'),
(102, 'B1', '0305', 'MARIA HELENA GUERRERO', 0.1259, 'B1-0305'),
(103, 'B1', '0306', 'JESUS BURBANO / RAQUEL PORTILLA-GLADYS RUIZ', 0.1259, 'B1-0306'),
(104, 'B1', '0307', 'MARIA C.ROJAS VALBUENA', 0.1259, 'B1-0307'),
(105, 'B1', '0308', 'LUIS A. GONZALEZ/ IDA LUZ ARANDIA', 0.1475, 'B1-0308'),
(106, 'B1', '0401', 'MARGARITA FLOREZ/VERONICA RODRIGU', 0.1475, 'B1-0401'),
(107, 'B1', '0402', 'MARIA DEL PILAR ACOSTA', 0.1475, 'B1-0402'),
(108, 'B1', '0403', 'DEYANIRA JIMENEZ  DE BELTRAN', 0.1475, 'B1-0403'),
(109, 'B1', '0404', 'PEDRO ROGELIO ROJAS C', 0.1668, 'B1-0404'),
(110, 'B1', '0405', 'JUAN F.ECHEVERRY PERICO', 0.1668, 'B1-0405'),
(111, 'B1', '0406', 'MIGUEL PARDO /  MARINA NIETO', 0.1475, 'B1-0406'),
(112, 'B1', '0407', 'FREDY Y ADRIANA CIFUENTES', 0.1475, 'B1-0407'),
(113, 'B1', '0408', 'SANTIAGO JESUS ROLON Y OTROS', 0.1475, 'B1-0408'),
(114, 'B1', '0501', 'OFELIA GRANADA DE SARMIENTO', 0.1475, 'B1-0501'),
(115, 'B1', '0502', 'XIMENA NOUGUES / CARMEN PINZON', 0.1475, 'B1-0502'),
(116, 'B1', '0503', 'ESTHER UCROS', 0.1475, 'B1-0503'),
(117, 'B1', '0504', 'GLORIA INES VALERO', 0.1668, 'B1-0504'),
(118, 'B1', '0505', 'FELIPE POSADA OBREGON', 0.1668, 'B1-0505'),
(119, 'B1', '0506', 'OBELIO GOMEZ Y BERENICE GOMEZ', 0.1475, 'B1-0506'),
(120, 'B1', '0507', 'MOLANO CORREDOR  JOSE LIBARDO', 0.1475, 'B1-0507'),
(121, 'B1', '0508', 'JAIME FERNANDO AGUILAR', 0.1475, 'B1-0508'),
(122, 'B1', '0601', 'JOSE ARTURO GUTIERREZ T', 0.1475, 'B1-0601'),
(123, 'B1', '0602', 'SERGIO ANDRES HINCAPIE', 0.1259, 'B1-0602'),
(124, 'B1', '0603', 'MARIELA BETANCOURT JIMENEZ', 0.1259, 'B1-0603'),
(125, 'B1', '0604', 'MARIA DEL PILAR HERNANDEZ', 0.1259, 'B1-0604'),
(126, 'B1', '0605', 'AIDEE BAQUERO JARAMILLO', 0.1259, 'B1-0605'),
(127, 'B1', '0606', 'ARGELIA PALACIO JARAMILLO', 0.1259, 'B1-0606'),
(128, 'B1', '0607', 'NYDIA CASTAÑO DE MUÑOZ', 0.1259, 'B1-0607'),
(129, 'B1', '0608', 'MARIO H.RIVERA JIMENEZ', 0.1475, 'B1-0608'),
(130, 'B1', '0701', 'DEICY LOZANO Y GERMAN GARZON', 0.1475, 'B1-0701'),
(131, 'B1', '0702', 'FRANCISCO GUZMAN', 0.1475, 'B1-0702'),
(132, 'B1', '0703', 'MAURICIO LUNA / ADRIANA ARISTIZAB', 0.1475, 'B1-0703'),
(133, 'B1', '0704', 'HECTOR BONILLA/ PEDRO SANTANA', 0.1668, 'B1-0704'),
(134, 'B1', '0705', 'FLAVIO ALBERTO ORTIZ Y OTRA', 0.1668, 'B1-0705'),
(135, 'B1', '0706', 'EDUARDO CHICA PIEDRAHITA', 0.1475, 'B1-0706'),
(136, 'B1', '0707', 'MARTHA MONROY Y ANA MONROY', 0.1475, 'B1-0707'),
(137, 'B1', '0708', 'GRACIELA NAVIA DE INSIGNARES', 0.1475, 'B1-0708'),
(138, 'B1', '0801', 'MARTHA GUERRERO/ JUAN M.', 0.1475, 'B1-0801'),
(139, 'B1', '0802', 'FELIPE OSORIO Y SILVIA VANEGAS', 0.1475, 'B1-0802'),
(140, 'B1', '0803', 'CARLOS E. JACOME MUÑOZ', 0.1475, 'B1-0803'),
(141, 'B1', '0804', 'AZUCENA CASTRO D. BEJARANO', 0.1668, 'B1-0804'),
(142, 'B1', '0805', 'ALBA MIREYA URREGO DIAZ', 0.1668, 'B1-0805'),
(143, 'B1', '0806', 'GABRIEL ENRIQUE ORDOÑEZ MANTILLA', 0.1475, 'B1-0806'),
(144, 'B1', '0807', 'FRANCESCO MAZZALLI', 0.1475, 'B1-0807'),
(145, 'B1', '0808', 'MARTHA ISABEL GUERRERO', 0.1475, 'B1-0808'),
(146, 'B1', '0901', 'DONALDO JOSE TOUS Y MA. FORERO', 0.1475, 'B1-0901'),
(147, 'B1', '0902', 'NABOR FORERO ARIZA', 0.1259, 'B1-0902'),
(148, 'B1', '0903', 'TOMAS RODRIGUEZ', 0.1259, 'B1-0903'),
(149, 'B1', '0904', 'MARIA ELVIA CELY CALDERON', 0.1259, 'B1-0904'),
(150, 'B1', '0905', 'ANITA DIAZ VDA DE BONILLA', 0.1259, 'B1-0905'),
(151, 'B1', '0906', 'MAURICE HENRY GAITSKELL DUEÑAS', 0.1259, 'B1-0906'),
(152, 'B1', '0907', 'CARMEN RODRIGUEZ GARCIA', 0.1259, 'B1-0907'),
(153, 'B1', '0908', 'DIANA HERRERA', 0.1475, 'B1-0908'),
(154, 'B1', '1001', 'LEONOR OSORIO DE CRIALES/HELDA C.', 0.1475, 'B1-1001'),
(155, 'B1', '1002', 'JEAN PIERRE PRADO', 0.1475, 'B1-1002'),
(156, 'B1', '1003', 'LEONOR NIETO DE PRADA', 0.1475, 'B1-1003'),
(157, 'B1', '1004', 'ALEJANDRO ROJAS VALBUENA', 0.1668, 'B1-1004'),
(158, 'B1', '1005', 'RENE ALEJANDRO RIACHI GONZALEZ', 0.1668, 'B1-1005'),
(159, 'B1', '1006', 'CARLOS ALBERTO SALGUERO', 0.1475, 'B1-1006'),
(160, 'B1', '1007', 'ANGELA GUERRA /YADIRA GUERRA', 0.1475, 'B1-1007'),
(161, 'B1', '1008', 'JOSE J. HERRERA/ CECILIA GOMEZ', 0.1475, 'B1-1008'),
(162, 'B1', '1101', 'MARIA LILIANA MEJIA VASQUEZ', 0.1475, 'B1-1101'),
(163, 'B1', '1102', 'ROSA ELENA MEDINA CORSO', 0.1475, 'B1-1102'),
(164, 'B1', '1103', 'ANA JOAQUINA HERRERA', 0.1475, 'B1-1103'),
(165, 'B1', '1104', 'ANA JOAQUINA HERRERA', 0.1668, 'B1-1104'),
(166, 'B1', '1105', 'MARIA TERESA MEDINA/LEONARDO TRUJILLO', 0.1668, 'B1-1105'),
(167, 'B1', '1106', 'NOHORA CONSTANZA ARBELAEZ ARBELA', 0.1475, 'B1-1106'),
(168, 'B1', '1107', 'GABRIEL OMAR MENDEZ', 0.1475, 'B1-1107'),
(169, 'B1', '1108', 'SILVIA I.VELASQUEZ D. CABRERA', 0.1475, 'B1-1108'),
(170, 'B1', '1201', 'LUIS EDUARDO GARZON', 0.1475, 'B1-1201'),
(171, 'B1', '1202', 'MAGDALENA TRUJILLO', 0.1259, 'B1-1202'),
(172, 'B1', '1203', 'ROBERTO HERMIDA IZQUIERDO', 0.1259, 'B1-1203'),
(173, 'B1', '1204', 'ISABEL MORA DE OSBORNE', 0.1259, 'B1-1204'),
(174, 'B1', '1205', 'RUBY STELLA PAEZ CIFUENTES', 0.1259, 'B1-1205'),
(175, 'B1', '1206', 'CLAUDIA GOMEZ', 0.1259, 'B1-1206'),
(176, 'B1', '1207', 'GARCIA RODRIGUEZ DAVID', 0.1259, 'B1-1207'),
(177, 'B1', '1208', 'ALICIA RODRIGUEZ QUEVEDO', 0.1475, 'B1-1208'),
(178, 'B1', '1301', 'APONTE MEJIA DORELLY', 0.1475, 'B1-1301'),
(179, 'B1', '1302', 'ARMANDO SANABRIA', 0.1475, 'B1-1302'),
(180, 'B1', '1303', 'PAULINA OSPINA DE LUQUE', 0.1475, 'B1-1303'),
(181, 'B1', '1304', 'GUSTAVO MAHECHA', 0.1668, 'B1-1304'),
(182, 'B1', '1305', 'MIGUEL ANGEL POVEDA CORTES', 0.1668, 'B1-1305'),
(183, 'B1', '1306', 'GRACIELA BEATRIZ AFANADOR', 0.1475, 'B1-1306'),
(184, 'B1', '1307', 'PEDRO FORERO / GABRIEL FORERO', 0.1475, 'B1-1307'),
(185, 'B1', '1308', 'MIGUEL ANTONIO BORJA G', 0.1475, 'B1-1308'),
(186, 'B2', '0201', 'BEATRIZ QUINTERO', 0.1475, 'B2-0201'),
(187, 'B2', '0202', 'MARGARITA CALERO ESPINOSA', 0.1475, 'B2-0202'),
(188, 'B2', '0203', 'JORGE FIERRO HERRERA', 0.1475, 'B2-0203'),
(189, 'B2', '0204', 'ELVIA MARTINEZ DE PRIETO', 0.1668, 'B2-0204'),
(190, 'B2', '0205', 'ANA FRANCISCO GARCIA', 0.1668, 'B2-0205'),
(191, 'B2', '0206', 'SILVIA JULIANA ARDILA', 0.1475, 'B2-0206'),
(192, 'B2', '0207', 'TORRES DE RUIZ ROSALBA', 0.1475, 'B2-0207'),
(193, 'B2', '0208', 'CLEMENTINA B.DE LOPEZ', 0.1475, 'B2-0208'),
(194, 'B2', '0301', 'DIANA VILLADA', 0.1475, 'B2-0301'),
(195, 'B2', '0302', 'CARLOS E.CAMACHO BONILLA', 0.1259, 'B2-0302'),
(196, 'B2', '0303', 'HUGO ALBERTO LEON', 0.1259, 'B2-0303'),
(197, 'B2', '0304', 'JOSE ALFREDO RIVERA BECERRA', 0.1259, 'B2-0304'),
(198, 'B2', '0305', 'MARIA NIEVES MARTINEZ PULIDO', 0.1259, 'B2-0305'),
(199, 'B2', '0306', 'BLANCA BRICEIDA VELASCO', 0.1259, 'B2-0306'),
(200, 'B2', '0307', 'SONIA ESPERANZA CASTILLO R.', 0.1259, 'B2-0307'),
(201, 'B2', '0308', 'LUIS EDUARDO LONDOÑO GOMEZ', 0.1475, 'B2-0308'),
(202, 'B2', '0401', 'LUZ MARINA LANDINEZ LEON', 0.1475, 'B2-0401'),
(203, 'B2', '0402', 'MIGUEL PACHON', 0.1475, 'B2-0402'),
(204, 'B2', '0403', 'MARIA N.PINZON ROJAS Y OTROS', 0.1475, 'B2-0403'),
(205, 'B2', '0404', 'FELIX Y ROSA PINZON Y EMILIA', 0.1668, 'B2-0404'),
(206, 'B2', '0405', 'MANUEL JIMENEZ Y MARIA BAQUERO', 0.1668, 'B2-0405'),
(207, 'B2', '0406', 'FRANCISCO GONZALEZ', 0.1475, 'B2-0406'),
(208, 'B2', '0407', 'PARGA ESCOBAR NESTOR JAIME', 0.1475, 'B2-0407'),
(209, 'B2', '0408', 'BLANCA HELENA GARDEAZABAL', 0.1475, 'B2-0408'),
(210, 'B2', '0501', 'ANGELA JIMENA PINZON TORRES', 0.1475, 'B2-0501'),
(211, 'B2', '0502', 'JULIO POSADA', 0.1475, 'B2-0502'),
(212, 'B2', '0503', 'CAMACHO ROJAS EDGAR RAUL', 0.1475, 'B2-0503'),
(213, 'B2', '0504', 'NUBIA RENDON BERNAL', 0.1668, 'B2-0504'),
(214, 'B2', '0505', 'CARLOS EDUARDO ROJAS ROJAS', 0.1668, 'B2-0505'),
(215, 'B2', '0506', 'GRACIELA IBA¥EZ DE GARCIA', 0.1475, 'B2-0506'),
(216, 'B2', '0507', 'ALEJANDRO HAYEK', 0.1475, 'B2-0507'),
(217, 'B2', '0508', 'LEONOR NIETO DE PADRA', 0.1475, 'B2-0508'),
(218, 'B2', '0601', 'OLGA DE IRIARTE /HERNANDO IRIARTE', 0.1475, 'B2-0601'),
(219, 'B2', '0602', 'ANTONIO EZEQUIELRODRIGUEZ MONCADA', 0.1259, 'B2-0602'),
(220, 'B2', '0603', 'LUIS ENRIQUE GALLEGO', 0.1259, 'B2-0603'),
(221, 'B2', '0604', 'BLANCA ELENA GARDEAZABAL', 0.1259, 'B2-0604'),
(222, 'B2', '0605', 'GONZALO DIAZ', 0.1259, 'B2-0605'),
(223, 'B2', '0606', 'JUAN PINZON Y CAROLINA DIAZ URIBE', 0.1259, 'B2-0606'),
(224, 'B2', '0607', 'JIMENEZ ACERO CLARA NIDIA', 0.1259, 'B2-0607'),
(225, 'B2', '0608', 'MARTHA ROCIO Y RICARDO SOLER', 0.1475, 'B2-0608'),
(226, 'B2', '0701', 'JENNY CAROLINA GONZALEZ', 0.1475, 'B2-0701'),
(227, 'B2', '0702', 'GLADYS VERONICA MORENO', 0.1475, 'B2-0702'),
(228, 'B2', '0703', 'GLADYS APONTE', 0.1475, 'B2-0703'),
(229, 'B2', '0704', 'FLOR STELLA ALAYON', 0.1668, 'B2-0704'),
(230, 'B2', '0705', 'GLADYS DE CARVAJALINO', 0.1668, 'B2-0705'),
(231, 'B2', '0706', 'JAIME RAFAEL PEDRAZA', 0.1475, 'B2-0706'),
(232, 'B2', '0707', 'MARIA RUBELIA FRANCO GOMEZ', 0.1475, 'B2-0707'),
(233, 'B2', '0708', 'ORLANDO TELLEZ BOTERO', 0.1475, 'B2-0708'),
(234, 'B2', '0801', 'JUAN MARTINEZ', 0.1475, 'B2-0801'),
(235, 'B2', '0802', 'MARIA ELENE NI¥O', 0.1475, 'B2-0802'),
(236, 'B2', '0803', 'STELLA BOTERO DE FRANCO', 0.1475, 'B2-0803'),
(237, 'B2', '0804', 'LUZ M.HAZAR DE RODRIGUEZ', 0.1668, 'B2-0804'),
(238, 'B2', '0805', 'MARLENY QUINTERO CAMACHO', 0.1668, 'B2-0805'),
(239, 'B2', '0806', 'CARMEN M.JIMENEZ BAQUERO', 0.1475, 'B2-0806'),
(240, 'B2', '0807', 'CECILIA DIAZ DE HOYOS', 0.1475, 'B2-0807'),
(241, 'B2', '0808', 'OSCAR ALFONSO  VELASCO ARBOLED', 0.1475, 'B2-0808'),
(242, 'B2', '0901', 'GLORIA SALAZAR DE BARRERA', 0.1475, 'B2-0901'),
(243, 'B2', '0902', 'HILDA MARIA POVEDA', 0.1259, 'B2-0902'),
(244, 'B2', '0903', 'MARIA EUGENIA GOMEZ', 0.1259, 'B2-0903'),
(245, 'B2', '0904', 'ELENA REYES DE URDANETA', 0.1259, 'B2-0904'),
(246, 'B2', '0905', 'YEPES PINEDA CECILIA', 0.1259, 'B2-0905'),
(247, 'B2', '0906', 'MARTHA TELLEZ', 0.1259, 'B2-0906'),
(248, 'B2', '0907', 'MARIA TERESA DE WOYNO', 0.1259, 'B2-0907'),
(249, 'B2', '0908', 'ESPERANZA CAMELO MARQUEZ', 0.1475, 'B2-0908'),
(250, 'B2', '1001', 'ELIZABETH AGUILERA', 0.1475, 'B2-1001'),
(251, 'B2', '1002', 'LUIS HELMAN RUSINQUI', 0.1475, 'B2-1002'),
(252, 'B2', '1003', 'GLADYS DE MORALES', 0.1475, 'B2-1003'),
(253, 'B2', '1004', 'MARIO DUEÑAS/EDILMA ADRIANA MARIÑO', 0.1668, 'B2-1004'),
(254, 'B2', '1005', 'PIEDAD GIRALDO/ DIANA PEREIRA', 0.1668, 'B2-1005'),
(255, 'B2', '1006', 'MARGARITA DEL PILAR SOLER', 0.1475, 'B2-1006'),
(256, 'B2', '1007', 'MARIA CECILIA MARULANDA', 0.1475, 'B2-1007'),
(257, 'B2', '1008', 'BLANCA NIEVES OSPINA', 0.1475, 'B2-1008'),
(258, 'B2', '1101', 'JOSE DOMINGO GARAVITO', 0.1475, 'B2-1101'),
(259, 'B2', '1102', 'LUZ MARINA ROJAS ALEJO', 0.1475, 'B2-1102'),
(260, 'B2', '1103', 'DANIEL RICARDO MEDINA/ MA.JIMENA', 0.1475, 'B2-1103'),
(261, 'B2', '1104', 'LUIS A. VANEGAS', 0.1668, 'B2-1104'),
(262, 'B2', '1105', 'MIGUEL ANTONIO CASTELBLANCO', 0.1668, 'B2-1105'),
(263, 'B2', '1106', 'RAMIRO AGUDELO PATIÑO', 0.1475, 'B2-1106'),
(264, 'B2', '1107', 'RAFAEL BASTIDAS', 0.1475, 'B2-1107'),
(265, 'B2', '1108', 'JOSE GUILLERMO GARCIA', 0.1475, 'B2-1108'),
(266, 'B2', '1201', 'MANUEL SIERRA GUTIERREZ', 0.1475, 'B2-1201'),
(267, 'B2', '1202', 'GERMAN MEZA RODRIGUEZ', 0.1259, 'B2-1202'),
(268, 'B2', '1203', 'ALVARO BENAVIDES S.', 0.1259, 'B2-1203'),
(269, 'B2', '1204', 'NERY LONDOÑO ZAPATA', 0.1259, 'B2-1204'),
(270, 'B2', '1205', 'LUIS H. RUSINQUI', 0.1259, 'B2-1205'),
(271, 'B2', '1206', 'GUSTAVO ARRAUT TRAVACEDO', 0.1259, 'B2-1206'),
(272, 'B2', '1207', 'SONIA ALEJANDRINA CASTILLO', 0.1259, 'B2-1207'),
(273, 'B2', '1208', 'ESCAMILLA FONSECA CLARA DEL P.', 0.1475, 'B2-1208'),
(274, 'B2', '1301', 'DORA ELCY GUTIERREZ', 0.1475, 'B2-1301'),
(275, 'B2', '1302', 'ELVIRA DE CEDEÑO', 0.1475, 'B2-1302'),
(276, 'B2', '1303', 'GUSTAVO MAHECHA', 0.1475, 'B2-1303'),
(277, 'B2', '1304', 'LEONOR, DANIEL Y CRISTINA PEÑARANDA', 0.1668, 'B2-1304'),
(278, 'B2', '1305', 'EDILBERTO CASTELLANOS LOPEZ', 0.1668, 'B2-1305'),
(279, 'B2', '1306', 'RICARDO ALFONSO SOLER M', 0.1475, 'B2-1306'),
(280, 'B2', '1307', 'PEDRO MARIA PINZON RAMIREZ', 0.1475, 'B2-1307'),
(281, 'B2', '1308', 'GUSTAVO ADOLFO ARISTIZABAL', 0.1475, 'B2-1308'),
(282, 'B3', '0201', 'LUIS FERNANDO CORREAL', 0.1475, 'B3-0201'),
(283, 'B3', '0202', 'HELENA DE DURAN', 0.1475, 'B3-0202'),
(284, 'B3', '0203', 'CARLOS RAMON REPIZO', 0.1475, 'B3-0203'),
(285, 'B3', '0204', 'ETHER HERNANDEZ  JAIMES', 0.1668, 'B3-0204'),
(286, 'B3', '0205', 'CHELA IBAÑEZ DE GARCIA', 0.1668, 'B3-0205'),
(287, 'B3', '0206', 'ADRIANA IVONNE SILVA GOYENECHE', 0.1475, 'B3-0206'),
(288, 'B3', '0207', 'JOSE MOLINA', 0.1475, 'B3-0207'),
(289, 'B3', '0208', 'DANIEL DUARTE/ ELSA PIEDAD AVILA', 0.1475, 'B3-0208'),
(290, 'B3', '0301', 'YENNY FONSECA', 0.1475, 'B3-0301'),
(291, 'B3', '0302', 'AURA LOPEZ NEIRA', 0.1259, 'B3-0302'),
(292, 'B3', '0303', 'ROBERTO ANTONIO CONTRERAS', 0.1259, 'B3-0303'),
(293, 'B3', '0304', 'LUIS OSORIO DONADO', 0.1259, 'B3-0304'),
(294, 'B3', '0305', 'LUIS HUMBERTO HERNANDEZ', 0.1259, 'B3-0305'),
(295, 'B3', '0306', 'ANA JANNETH TORRES RUIZ', 0.1259, 'B3-0306'),
(296, 'B3', '0307', 'GUSTAVO RICO', 0.1259, 'B3-0307'),
(297, 'B3', '0308', 'NERY LONDOÑO ZAPATA', 0.1475, 'B3-0308'),
(298, 'B3', '0401', 'EDUARDO MOSQUERA', 0.1475, 'B3-0401'),
(299, 'B3', '0402', 'CARLOS EDUARDO RODRIGUEZ', 0.1475, 'B3-0402'),
(300, 'B3', '0403', 'JESUS VALENTIN RINCON', 0.1475, 'B3-0403'),
(301, 'B3', '0404', 'REYES RAMIREZ JACQUELINE,RUIZ DÌAZ MIGUEL ROLANDO', 0.1668, 'B3-0404'),
(302, 'B3', '0405', 'FRANCISCO DANIEL ARGUMEDO', 0.1668, 'B3-0405'),
(303, 'B3', '0406', 'HECTOR MANUEL VARGAS', 0.1475, 'B3-0406'),
(304, 'B3', '0407', 'RAFAEL PEREZ D.OSSANDERS', 0.1475, 'B3-0407'),
(305, 'B3', '0408', 'CRISTOBAL GARCIA Y/O GLORIA S', 0.1475, 'B3-0408'),
(306, 'B3', '0501', 'MARTHA CECILIA VENEGAS DE SANCHEZ', 0.1475, 'B3-0501'),
(307, 'B3', '0502', 'BLANCA DE PINZON', 0.1475, 'B3-0502'),
(308, 'B3', '0503', 'ALVARO VANEGAS', 0.1475, 'B3-0503'),
(309, 'B3', '0504', 'LIGIA DE ESTUPI¥AN', 0.1668, 'B3-0504'),
(310, 'B3', '0505', 'CARLOS PINZON LEON', 0.1668, 'B3-0505'),
(311, 'B3', '0506', 'MARTINEZ FARIAS WILLIAM ESTEBAN', 0.1475, 'B3-0506'),
(312, 'B3', '0507', 'OLGA NANCY PIEDRAHITA', 0.1475, 'B3-0507'),
(313, 'B3', '0508', 'ANA YOLANDA BARRETO REYES', 0.1475, 'B3-0508'),
(314, 'B3', '0601', 'MORA MONROY GLORIA ESPERANZA', 0.1475, 'B3-0601'),
(315, 'B3', '0602', 'ELIECER MORENO', 0.1259, 'B3-0602'),
(316, 'B3', '0603', 'CONROD KISSENBECK', 0.1259, 'B3-0603'),
(317, 'B3', '0604', 'SUSANA SANTANA DE CHIRIBI', 0.1259, 'B3-0604'),
(318, 'B3', '0605', 'DIVA BOTERO', 0.1259, 'B3-0605'),
(319, 'B3', '0606', 'ANA BELEN RUBIANA CABRA', 0.1259, 'B3-0606'),
(320, 'B3', '0607', 'JORGE E. ESPITIA /NERY LONDOÑO', 0.1259, 'B3-0607'),
(321, 'B3', '0608', 'FERNANDO MARTINEZ Y LILIANA MERCHAN', 0.1475, 'B3-0608'),
(322, 'B3', '0701', 'ALVARO GARRIDO MANRIQUE', 0.1475, 'B3-0701'),
(323, 'B3', '0702', 'HECTOR SEGURA', 0.1475, 'B3-0702'),
(324, 'B3', '0703', 'MARGARITA DEL PILAR SOLER MENDOZA', 0.1475, 'B3-0703'),
(325, 'B3', '0704', 'ESTHER DE GRANADOS', 0.1668, 'B3-0704'),
(326, 'B3', '0705', 'CECILIA ROMERO RODRIGUEZ', 0.1668, 'B3-0705'),
(327, 'B3', '0706', 'YOLANDA DE VALBUENA/ELSA Y LEONOR', 0.1475, 'B3-0706'),
(328, 'B3', '0707', 'GUILLERMO CAICEDO', 0.1475, 'B3-0707'),
(329, 'B3', '0708', 'MANUEL E.ESPINEL V.YANIRA R', 0.1475, 'B3-0708'),
(330, 'B3', '0801', 'BLANCA CECILIA PINTO DE RICO', 0.1475, 'B3-0801'),
(331, 'B3', '0802', 'MARIO  BARRERO LUCIA', 0.1475, 'B3-0802'),
(332, 'B3', '0803', 'EFRAIN E. CUJAR ALBORNOZ', 0.1475, 'B3-0803'),
(333, 'B3', '0804', 'FRANCOIS REYES', 0.1668, 'B3-0804'),
(334, 'B3', '0805', 'ISABEL DE SOLER, ROCIO Y MA.ISABE', 0.1668, 'B3-0805'),
(335, 'B3', '0806', 'GLORIA BEATRIZ DE RINCON', 0.1475, 'B3-0806'),
(336, 'B3', '0807', 'TIRADO CADAVID HUGO/PATRICIA', 0.1475, 'B3-0807'),
(337, 'B3', '0808', 'ANA JANNET TORRES', 0.1475, 'B3-0808'),
(338, 'B3', '0901', 'LUIS ALBERTO NIETO RODRIGUEZ', 0.1475, 'B3-0901'),
(339, 'B3', '0902', 'LUZ MAGNOLIA PEREZ Y FRANCISCO FR', 0.1259, 'B3-0902'),
(340, 'B3', '0903', 'JESUS ENRIQUE RINCON', 0.1259, 'B3-0903'),
(341, 'B3', '0904', 'MARIELA MACHADO DE ANGARITA', 0.1259, 'B3-0904'),
(342, 'B3', '0905', 'HECTOR RODRIGUEZ', 0.1259, 'B3-0905'),
(343, 'B3', '0906', 'PILAR SANCHEZ', 0.1259, 'B3-0906'),
(344, 'B3', '0907', 'CLAUDIA INES TORO SALAZAR', 0.1259, 'B3-0907'),
(345, 'B3', '0908', 'MARGARITA MARIA ARISTIZABAL', 0.1475, 'B3-0908'),
(346, 'B3', '1001', 'MARY GARCIA MALDONADO', 0.1475, 'B3-1001'),
(347, 'B3', '1002', 'JESUS QUINTERO CASTILLA', 0.1475, 'B3-1002'),
(348, 'B3', '1003', 'RAFAEL RUBIANO', 0.1475, 'B3-1003'),
(349, 'B3', '1004', 'LUIS BUSTOS MEDINA', 0.1668, 'B3-1004'),
(350, 'B3', '1005', 'SOLER MENDOZA MARIA ISABEL', 0.1668, 'B3-1005'),
(351, 'B3', '1006', 'SOCORRO TORRES', 0.1475, 'B3-1006'),
(352, 'B3', '1007', 'PILAR RESTREPO', 0.1475, 'B3-1007'),
(353, 'B3', '1008', 'MARIA MERCEDES HERRERA BUITRAO', 0.1475, 'B3-1008'),
(354, 'B3', '1101', 'SOLER MENDOZA ALEJANDRO', 0.1475, 'B3-1101'),
(355, 'B3', '1102', 'JEIMY RAMIREZ Y ANDRES MENDEZ', 0.1475, 'B3-1102'),
(356, 'B3', '1103', 'ORLANDO CARVAJALINO/IRMA MONJE', 0.1475, 'B3-1103'),
(357, 'B3', '1104', 'TERESA NUÑEZ VALBUENA', 0.1668, 'B3-1104'),
(358, 'B3', '1105', 'SOLER MENDOZA MARIA ISABEL', 0.1668, 'B3-1105'),
(359, 'B3', '1106', 'CARLOS TORRES LEON', 0.1475, 'B3-1106'),
(360, 'B3', '1107', 'OSVALDO  VENECIA ZABALETA', 0.1475, 'B3-1107'),
(361, 'B3', '1108', 'ADAN SARMIENTO', 0.1475, 'B3-1108'),
(362, 'B3', '1201', 'GOMEZ DUARTE OSCAR GILBERTO', 0.1475, 'B3-1201'),
(363, 'B3', '1202', 'ROSA MARY OSPINA', 0.1259, 'B3-1202'),
(364, 'B3', '1203', 'CLARA INES TURRIAGO', 0.1259, 'B3-1203'),
(365, 'B3', '1204', 'GERMAN REVEROS BELTRAN', 0.1259, 'B3-1204'),
(366, 'B3', '1205', 'GARCIA RODRIGUEZ DAVID', 0.1259, 'B3-1205'),
(367, 'B3', '1206', 'GLORIA HELENA HENAO WILES', 0.1259, 'B3-1206'),
(368, 'B3', '1207', 'YHOVANY ENRIQUE RODRIGUEZ', 0.1259, 'B3-1207'),
(369, 'B3', '1208', 'CARMEN C. DE GONZALEZ', 0.1475, 'B3-1208'),
(370, 'B3', '1301', 'GLADYS SOLANO PEREZ', 0.1475, 'B3-1301'),
(371, 'B3', '1302', 'LILIANA HELENA PEREZ NIÑO', 0.1475, 'B3-1302'),
(372, 'B3', '1303', 'ARGEMIRO MENESES', 0.1475, 'B3-1303'),
(373, 'B3', '1304', 'GUSTAVO HURTADO', 0.1668, 'B3-1304'),
(374, 'B3', '1305', 'JOSE IGNACIO MEDRANO', 0.1668, 'B3-1305'),
(375, 'B3', '1306', 'GUTIERREZ CAMELO RAINER ARTURO', 0.1475, 'B3-1306'),
(376, 'B3', '1307', 'LUZ MAGNOLIA PEREZ', 0.1475, 'B3-1307'),
(377, 'B3', '1308', 'ISABEL MATALLANA', 0.1475, 'B3-1308'),
(378, 'B4', '0201', 'EDGAR TUTA Y GLORIA BOTERO', 0.1475, 'B4-0201'),
(379, 'B4', '0202', 'GUILLERMO GALVEZ COMEZ', 0.1475, 'B4-0202'),
(380, 'B4', '0203', 'HUGO FERNELI GONZALEZ C.', 0.1475, 'B4-0203'),
(381, 'B4', '0204', 'GERARDO JIMENEZ DIAZ', 0.1668, 'B4-0204'),
(382, 'B4', '0205', 'FERNANDO BARON C', 0.1668, 'B4-0205'),
(383, 'B4', '0206', 'ELIZABETH  CIFUENTES VEGA', 0.1475, 'B4-0206'),
(384, 'B4', '0207', 'MIGUEL A. RODRIGUEZ', 0.1475, 'B4-0207'),
(385, 'B4', '0208', 'EDILMA OSORIO PEREZ', 0.1475, 'B4-0208'),
(386, 'B4', '0301', 'DORA SANCHEZ HERRERA', 0.1475, 'B4-0301'),
(387, 'B4', '0302', 'MARIA I. FLORIAN CORNEJO', 0.1259, 'B4-0302'),
(388, 'B4', '0303', 'LUZ STELLA ISAZA PINTO', 0.1259, 'B4-0303'),
(389, 'B4', '0304', 'ALFREDO FLORES', 0.1259, 'B4-0304'),
(390, 'B4', '0305', 'JORGE BALLESTEROS', 0.1259, 'B4-0305'),
(391, 'B4', '0306', 'DIANA PIEDAD ARCINIEGAS ESPINE', 0.1259, 'B4-0306'),
(392, 'B4', '0307', 'CARLOS EDUARDO RODRIGUEZ', 0.1259, 'B4-0307'),
(393, 'B4', '0308', 'JORGE PUENTE', 0.1475, 'B4-0308'),
(394, 'B4', '0401', 'ALVARO FORBES JAMES', 0.1475, 'B4-0401'),
(395, 'B4', '0402', 'GLADYS H APONTE MEJIA', 0.1475, 'B4-0402'),
(396, 'B4', '0403', 'EDUARDO GUZMAN CASTAÑEDA', 0.1475, 'B4-0403'),
(397, 'B4', '0404', 'ESTHER JARAMILLO RESTREPO', 0.1668, 'B4-0404'),
(398, 'B4', '0405', 'MYRIAM PABON DE GOMEZ', 0.1668, 'B4-0405'),
(399, 'B4', '0406', 'YANIA GOMEZ VARGAS', 0.1475, 'B4-0406'),
(400, 'B4', '0407', 'MIGUEL CHAPARRO Y MARY ROJAS', 0.1475, 'B4-0407'),
(401, 'B4', '0408', 'DIANA P. ARCINIEGAS ESPINEL', 0.1475, 'B4-0408'),
(402, 'B4', '0501', 'JAIRO HERNAN VELASCO NICHOLLS', 0.1475, 'B4-0501'),
(403, 'B4', '0502', 'CAMILO VALENCIA', 0.1475, 'B4-0502'),
(404, 'B4', '0503', 'ANA SOFIA SEGURA', 0.1475, 'B4-0503'),
(405, 'B4', '0504', 'JOSE VICENTE SILVA', 0.1668, 'B4-0504'),
(406, 'B4', '0505', 'LUZMILA JACOME', 0.1668, 'B4-0505'),
(407, 'B4', '0506', 'EMILIANO GOMEZ MENDEZ', 0.1475, 'B4-0506'),
(408, 'B4', '0507', 'SIXTA BARRAGAN ESCOBAR', 0.1475, 'B4-0507'),
(409, 'B4', '0508', 'ALIRIO BERNAL ESTEBAN', 0.1475, 'B4-0508'),
(410, 'B4', '0601', 'ANA ROSALBA MORENO SIERRA', 0.1475, 'B4-0601'),
(411, 'B4', '0602', 'PEDRO URIEL SANCHEZ ZARATE', 0.1259, 'B4-0602'),
(412, 'B4', '0603', 'ANGELA CANTOR/CAROLINA CANTOR', 0.1259, 'B4-0603'),
(413, 'B4', '0604', 'IRMA SARA MEJIA BELTRAN', 0.1259, 'B4-0604'),
(414, 'B4', '0605', 'ELISA DIAZ DE JIMENEZ', 0.1259, 'B4-0605'),
(415, 'B4', '0606', 'MARTHA MELO', 0.1259, 'B4-0606'),
(416, 'B4', '0607', 'LISANDRO ROCHA CAMPOS', 0.1259, 'B4-0607'),
(417, 'B4', '0608', 'MERY CORRALES DE PANNESO', 0.1475, 'B4-0608'),
(418, 'B4', '0701', 'GLORIA INES VARGAS', 0.1475, 'B4-0701'),
(419, 'B4', '0702', 'JESUS ORLANDO ROMERO', 0.1475, 'B4-0702'),
(420, 'B4', '0703', 'ZINNIA NADINE MUÑOZ CASTAÑO', 0.1475, 'B4-0703'),
(421, 'B4', '0704', 'DUQUE SANTOS HILDA  ROCIO', 0.1668, 'B4-0704'),
(422, 'B4', '0705', 'OLGA PATRICIA PARRA', 0.1668, 'B4-0705'),
(423, 'B4', '0706', 'NIXON JOSE TORRES', 0.1475, 'B4-0706'),
(424, 'B4', '0707', 'MARIA ANTONIA PEREZ', 0.1475, 'B4-0707'),
(425, 'B4', '0708', 'BLANCA CECILIA LOPEZ', 0.1475, 'B4-0708'),
(426, 'B4', '0801', 'LUZ MARINA CAICEDO', 0.1475, 'B4-0801'),
(427, 'B4', '0802', 'BLANCA INES RINCON DE BLANDON', 0.1475, 'B4-0802'),
(428, 'B4', '0803', 'MARIA CRISTINA PACHECO Y TOMAS SANCHEZ', 0.1475, 'B4-0803'),
(429, 'B4', '0804', 'ANA MARIA TOVAR DE SOLER', 0.1668, 'B4-0804'),
(430, 'B4', '0805', 'LUZ MARINA PULIDO RINCON', 0.1668, 'B4-0805'),
(431, 'B4', '0806', 'MARIA LOZANO', 0.1475, 'B4-0806'),
(432, 'B4', '0807', 'LUIS EDUARDO VALENCIA', 0.1475, 'B4-0807'),
(433, 'B4', '0808', 'MOLINA MONTEALEGRE NARDA', 0.1475, 'B4-0808'),
(434, 'B4', '0901', 'EMILIO ECHEVERRY', 0.1475, 'B4-0901'),
(435, 'B4', '0902', 'ESTHER QUINTERO', 0.1259, 'B4-0902'),
(436, 'B4', '0903', 'NELSI ALDANA DE MENDOZA', 0.1259, 'B4-0903'),
(437, 'B4', '0904', 'RITA INES CABRERA', 0.1259, 'B4-0904'),
(438, 'B4', '0905', 'EDGAR HERNANDEZ PEÑALOZA', 0.1259, 'B4-0905'),
(439, 'B4', '0906', 'CIELO MARIA AVILA DULCEY', 0.1259, 'B4-0906'),
(440, 'B4', '0907', 'FABIO RODRIGUEZ', 0.1259, 'B4-0907'),
(441, 'B4', '0908', 'ALVARO VALBUENA/ LUZ ANGELA MOREN', 0.1475, 'B4-0908'),
(442, 'B4', '1001', 'ROSALBA DAZA', 0.1475, 'B4-1001'),
(443, 'B4', '1002', 'LUIS HERNANDO RAMIREZ', 0.1475, 'B4-1002'),
(444, 'B4', '1003', 'LUZ MARTHA CORDOVA', 0.1475, 'B4-1003'),
(445, 'B4', '1004', 'LUZ MARTHA CORDOVA', 0.1668, 'B4-1004'),
(446, 'B4', '1005', 'MARIA TERESA MORA TORO', 0.1668, 'B4-1005'),
(447, 'B4', '1006', 'RAFAEL GALLON DE LA ROSA', 0.1475, 'B4-1006'),
(448, 'B4', '1007', 'GUSTAVO CASTELBLANCO', 0.1475, 'B4-1007'),
(449, 'B4', '1008', 'DORA MERCEDES RINCON', 0.1475, 'B4-1008'),
(450, 'B4', '1101', 'VALDES CLAUDIA Y TORRES JUAN', 0.1475, 'B4-1101'),
(451, 'B4', '1102', 'MYRIAN HERRERA DE GUZMAN', 0.1475, 'B4-1102'),
(452, 'B4', '1103', 'JESUS MAYORGA C.', 0.1475, 'B4-1103'),
(453, 'B4', '1104', 'CLAUDIA PILAR POVEDA CORTES', 0.1668, 'B4-1104'),
(454, 'B4', '1105', 'GULLERMO TORRES', 0.1668, 'B4-1105'),
(455, 'B4', '1106', 'MIRIAM HERRERA DE GUZMAN', 0.1475, 'B4-1106'),
(456, 'B4', '1107', 'DALILA, JAEL Y NORMA VILLANUEVA', 0.1475, 'B4-1107'),
(457, 'B4', '1108', 'NERY LONDOÑO ZAPATA', 0.1475, 'B4-1108'),
(458, 'B4', '1201', 'MARIELA SABOYA DE SALINAS', 0.1475, 'B4-1201'),
(459, 'B4', '1202', 'TULIO ENRIQUE SEGURA', 0.1259, 'B4-1202'),
(460, 'B4', '1203', 'BARBA ALBARRACIN SAUL J', 0.1259, 'B4-1203'),
(461, 'B4', '1204', 'PINZON TORRES HECTOR ELIAS', 0.1259, 'B4-1204'),
(462, 'B4', '1205', 'CECILIA DE JESUS FLECHAS', 0.1259, 'B4-1205'),
(463, 'B4', '1206', 'CONTRERAS ALCALDE ANA MARIA', 0.1259, 'B4-1206'),
(464, 'B4', '1207', 'EZEQUIEL MARTINEZ', 0.1259, 'B4-1207'),
(465, 'B4', '1208', 'POLO HINCAPIE', 0.1475, 'B4-1208'),
(466, 'B4', '1301', 'ERASMO GONZALEZ CARDENAS', 0.1475, 'B4-1301'),
(467, 'B4', '1302', 'LINA MARIA/ANA CAROLINA VARGAS', 0.1475, 'B4-1302'),
(468, 'B4', '1303', 'JOSE FERNANDO HERRERA', 0.1475, 'B4-1303'),
(469, 'B4', '1304', 'MARIO GARCIA MOLINA', 0.1668, 'B4-1304'),
(470, 'B4', '1305', 'JAVIER, JESUS Y ANGELICA RINCON', 0.1668, 'B4-1305'),
(471, 'B4', '1306', 'ALBERTO RODRIGUEZ', 0.1475, 'B4-1306'),
(472, 'B4', '1307', 'ADRIANA ROA', 0.1475, 'B4-1307'),
(473, 'B4', '1308', 'MIRIAM HERRERA/ JOSE F. HERRERA', 0.1475, 'B4-1308'),
(474, 'B5', '0201', 'QUINTERO RODRIGUEZ MARTHA Y.', 0.1475, 'B5-0201'),
(475, 'B5', '0202', 'CECILIA LUQUE', 0.1475, 'B5-0202'),
(476, 'B5', '0203', 'ERNESTO ROMERO GUTIERREZ', 0.1475, 'B5-0203'),
(477, 'B5', '0204', 'LILIA MARINA AYALA', 0.1668, 'B5-0204'),
(478, 'B5', '0205', 'MAGDALENA BARROS DE PEÑA', 0.1668, 'B5-0205'),
(479, 'B5', '0206', 'HERNAN G.Y HNOS GARAVITO R', 0.1475, 'B5-0206'),
(480, 'B5', '0207', 'DANIA MARLENY GOYENECHE Z.', 0.1475, 'B5-0207'),
(481, 'B5', '0208', 'MARLENY QUINTERO CAMACHO', 0.1475, 'B5-0208'),
(482, 'B5', '0301', 'JULIETA DIAZ', 0.1475, 'B5-0301'),
(483, 'B5', '0302', 'ARMANDO ROLDAN', 0.1259, 'B5-0302'),
(484, 'B5', '0303', 'MILLER HERNANDEZ PERDOMO', 0.1259, 'B5-0303'),
(485, 'B5', '0304', 'HILB RAMIREZ FRANCISCO EDUARDO', 0.1259, 'B5-0304'),
(486, 'B5', '0305', 'ELIZABETH SANCHEZ DE DIAZ', 0.1259, 'B5-0305'),
(487, 'B5', '0306', 'GABRIELA TORRES TRUJILLO', 0.1259, 'B5-0306'),
(488, 'B5', '0307', 'MARTHA CECILIA GIRALDO', 0.1259, 'B5-0307'),
(489, 'B5', '0308', 'MAURICIO VALERO AMAYA', 0.1475, 'B5-0308'),
(490, 'B5', '0401', 'FANNY ALDANA DE CUBILLOS', 0.1475, 'B5-0401'),
(491, 'B5', '0402', 'ALBERTO FERNANDEZ', 0.1475, 'B5-0402'),
(492, 'B5', '0403', 'HIMERA  YEPES', 0.1475, 'B5-0403'),
(493, 'B5', '0404', 'LUIS F. ARTEAGA. MARIA REY', 0.1668, 'B5-0404'),
(494, 'B5', '0405', 'MARTHA  ROCIO Y RICARDO SOLER', 0.1668, 'B5-0405'),
(495, 'B5', '0406', 'CARLOS ARZ TOLEDO', 0.1475, 'B5-0406'),
(496, 'B5', '0407', 'ALVARO DIAZ CEREZO', 0.1475, 'B5-0407'),
(497, 'B5', '0408', 'BEATRIZ TRIANA', 0.1475, 'B5-0408'),
(498, 'B5', '0501', 'RODRIGO AURELIANO CALDERON', 0.1475, 'B5-0501'),
(499, 'B5', '0502', 'ERNESTINA DE GONZALEZ', 0.1475, 'B5-0502'),
(500, 'B5', '0503', 'ANA JOAQUINA HERRERA', 0.1475, 'B5-0503'),
(501, 'B5', '0504', 'MARCIAL DELGADO HERRERA', 0.1668, 'B5-0504'),
(502, 'B5', '0505', 'MARY LUZ PALOMINO', 0.1668, 'B5-0505'),
(503, 'B5', '0506', 'LUZ MARY VALENCIA FERNANDEZ', 0.1475, 'B5-0506'),
(504, 'B5', '0507', 'CLARA EMILIA MELO DE GONZALEZ', 0.1475, 'B5-0507'),
(505, 'B5', '0508', 'PARMENIO URREGO LADINO', 0.1475, 'B5-0508'),
(506, 'B5', '0601', 'JOSE,MARITZA,RUTH,AIDA,JAVIER ACO', 0.1475, 'B5-0601'),
(507, 'B5', '0602', 'LUZ MARIELA LUENGAS PEREZ', 0.1259, 'B5-0602'),
(508, 'B5', '0603', 'VITELVINA VERGARA', 0.1259, 'B5-0603'),
(509, 'B5', '0604', 'ANIBAL DIAZ RAMIREZ', 0.1259, 'B5-0604'),
(510, 'B5', '0605', 'ANA NAVAS', 0.1259, 'B5-0605'),
(511, 'B5', '0606', 'RAMON NONATO SILVA DUARTE', 0.1259, 'B5-0606'),
(512, 'B5', '0607', 'ARGELIA PALACIO JARAMILLO', 0.1259, 'B5-0607'),
(513, 'B5', '0608', 'GRACIELA DIAZ', 0.1475, 'B5-0608'),
(514, 'B5', '0701', 'STELLA F. HERNANDEZ DORADO', 0.1475, 'B5-0701'),
(515, 'B5', '0702', 'ALBA DE MARTINEZ', 0.1475, 'B5-0702'),
(516, 'B5', '0703', 'GEORGINA C. DE FAJARDO', 0.1475, 'B5-0703'),
(517, 'B5', '0704', 'SANDRA JANET VARGAS AVILA', 0.1668, 'B5-0704'),
(518, 'B5', '0705', 'JOSE MANOSALVIA MOLINA', 0.1668, 'B5-0705'),
(519, 'B5', '0706', 'INVERSIONES PALACIOS', 0.1475, 'B5-0706'),
(520, 'B5', '0707', 'MARIA TERESA SIERRA CORTES', 0.1475, 'B5-0707'),
(521, 'B5', '0708', 'LUIS WILLIAM CRISTANCHO', 0.1475, 'B5-0708'),
(522, 'B5', '0801', 'LUZ MARINA ARANDA', 0.1475, 'B5-0801'),
(523, 'B5', '0802', 'JULIA MARLEN BAQUERO VELAZQUEZ', 0.1475, 'B5-0802'),
(524, 'B5', '0803', 'FRANCISCO CALDERON', 0.1475, 'B5-0803'),
(525, 'B5', '0804', 'LUCIA BETANCOURT LOPEZ', 0.1668, 'B5-0804'),
(526, 'B5', '0805', 'YINNA  Y ADRIANA  HERNANDEZ', 0.1668, 'B5-0805'),
(527, 'B5', '0806', 'RIGOBERTO MORENO MENDEZ', 0.1475, 'B5-0806'),
(528, 'B5', '0807', 'ESPERANZA HURTADO DE CASTILLO', 0.1475, 'B5-0807'),
(529, 'B5', '0808', 'AMPARO RUBIO', 0.1475, 'B5-0808'),
(530, 'B5', '0901', 'ALFONSO AMEZQUITA MELO', 0.1475, 'B5-0901'),
(531, 'B5', '0902', 'GERMAN VELEZ', 0.1259, 'B5-0902'),
(532, 'B5', '0903', 'LUZ MARINA ROJAS ELEJO', 0.1259, 'B5-0903'),
(533, 'B5', '0904', 'NELLY CORTAZAR', 0.1259, 'B5-0904'),
(534, 'B5', '0905', 'LUCIA DE IREGUI', 0.1259, 'B5-0905'),
(535, 'B5', '0906', 'FRANCO ARBELAEZ EFRAIN', 0.1259, 'B5-0906'),
(536, 'B5', '0907', 'MANUEL JOSE  ALBA SANCHEZ', 0.1259, 'B5-0907'),
(537, 'B5', '0908', 'XIMENA CAMPO DOMINGUEZ', 0.1475, 'B5-0908'),
(538, 'B5', '1001', 'SIVIA LONDOÑO', 0.1475, 'B5-1001'),
(539, 'B5', '1002', 'CARMEN ROSA Y ADELA ESPINOSA', 0.1475, 'B5-1002'),
(540, 'B5', '1003', 'ALIX ADIELA TRUJILLO CASTRO', 0.1475, 'B5-1003'),
(541, 'B5', '1004', 'EMPERATRIZ BECERRA APONTE', 0.1668, 'B5-1004'),
(542, 'B5', '1005', 'ADRIANA MARIA CONTRERAS', 0.1668, 'B5-1005'),
(543, 'B5', '1006', 'CLARA GLADYS LUENGAS PEREZ', 0.1475, 'B5-1006'),
(544, 'B5', '1007', 'ESTEBANA TULIA RENGIFO C.', 0.1475, 'B5-1007'),
(545, 'B5', '1008', 'JORGE MORENO CLAVIJO', 0.1475, 'B5-1008'),
(546, 'B5', '1101', 'MARIA MARLEN PARRA ROJAS', 0.1475, 'B5-1101'),
(547, 'B5', '1102', 'EDGAR RAUL CAMACHO ROJAS', 0.1475, 'B5-1102'),
(548, 'B5', '1103', 'JAIME Y HECTOR ANGARITA CORREDOR', 0.1475, 'B5-1103'),
(549, 'B5', '1104', 'ROSS MARY FORERO MONTOYA', 0.1668, 'B5-1104'),
(550, 'B5', '1105', 'DAVID FELLER PEGG', 0.1668, 'B5-1105'),
(551, 'B5', '1106', 'LOZANO GOMEZ MARTHA LUCIA', 0.1475, 'B5-1106'),
(552, 'B5', '1107', 'DIANA PAOLA PACHECO', 0.1475, 'B5-1107'),
(553, 'B5', '1108', 'RUBY MOSQUERA MARIN', 0.1475, 'B5-1108'),
(554, 'B5', '1201', 'MERCEDES AREVALO/ NELSON MORA', 0.1475, 'B5-1201'),
(555, 'B5', '1202', 'PIÑEROS YOLANDA/PINEDA TATIANA', 0.1259, 'B5-1202'),
(556, 'B5', '1203', 'RAFAEL A. HERNANDEZ', 0.1259, 'B5-1203'),
(557, 'B5', '1204', 'HERRERA TOBON JAIME ALBERTO', 0.1259, 'B5-1204'),
(558, 'B5', '1205', 'GIOVANNY CRUZ GALINDO', 0.1259, 'B5-1205'),
(559, 'B5', '1206', 'MANUEL TRIANA', 0.1259, 'B5-1206'),
(560, 'B5', '1207', 'JORGE ENRIQUE MORENO CLAVIJO', 0.1259, 'B5-1207'),
(561, 'B5', '1208', 'MARIO GARZON', 0.1475, 'B5-1208'),
(562, 'B5', '1301', 'ENRIQUE ARTUNDUAGA', 0.1475, 'B5-1301'),
(563, 'B5', '1302', 'MARTHA GARZON', 0.1475, 'B5-1302'),
(564, 'B5', '1303', 'HECTOR GUILLERMO ROJAS M.', 0.1475, 'B5-1303'),
(565, 'B5', '1304', 'REBECA LEIVA SOTELO', 0.1668, 'B5-1304'),
(566, 'B5', '1305', 'JAIME EDUARDO CAICEDO', 0.1668, 'B5-1305'),
(567, 'B5', '1306', 'FRANLKIN RESTREPO SOTO', 0.1475, 'B5-1306'),
(568, 'B5', '1307', 'CARLOS ALBERTO MENDEZ CORTES', 0.1475, 'B5-1307'),
(569, 'B5', '1308', 'ANA CECILIA HERRERA', 0.1475, 'B5-1308'),
(570, 'C3', '0201', 'CAMPO EDUARDO SARMIENTO', 0.0842, 'C3-0201'),
(571, 'C3', '0202', 'MIREYA NADETH RINCON', 0.0842, 'C3-0202'),
(572, 'C3', '0203', 'MERCEDES AMAYA', 0.0842, 'C3-0203'),
(573, 'C3', '0204', 'ANA MARIA ORDOÑEZ RUBIO', 0.1002, 'C3-0204'),
(574, 'C3', '0205', 'CESAR AUGUSTO RODRIGUEZ C.', 0.1002, 'C3-0205'),
(575, 'C3', '0206', 'JUAN C. DE SAN MARTIN MARTINEZ', 0.0842, 'C3-0206'),
(576, 'C3', '0207', 'EMILIA DE GUTIERREZ', 0.0842, 'C3-0207'),
(577, 'C3', '0208', 'MARIA ELENA FRANCO', 0.0842, 'C3-0208'),
(578, 'C3', '0301', 'CECILIA, CLARA Y EDILMA GARCIA', 0.0842, 'C3-0301'),
(579, 'C3', '0303', 'NANCY CARVAJALINO MONJE', 0.0674, 'C3-0303'),
(580, 'C3', '0307', 'ELVIRA URQUIJO VEGA', 0.0674, 'C3-0307'),
(581, 'C3', '0308', 'MARICELLA PEDREROS', 0.0842, 'C3-0308'),
(582, 'C3', '0401', 'JORGE ELIECER HERNANDEZ I', 0.0842, 'C3-0401'),
(583, 'C3', '0402', 'CONCEPCION ALVAREZ', 0.0842, 'C3-0402'),
(584, 'C3', '0403', 'RAUL  URIBE VARGAS', 0.0842, 'C3-0403'),
(585, 'C3', '0404', 'EICHELKRAUT MARTINEZ KARIN RUH', 0.1002, 'C3-0404'),
(586, 'C3', '0405', 'ZORAIDA LEON', 0.1002, 'C3-0405'),
(587, 'C3', '0406', 'OCTAVIO SOLORZANO DUQUE', 0.0842, 'C3-0406'),
(588, 'C3', '0407', 'RAFAEL FONSECA', 0.0842, 'C3-0407'),
(589, 'C3', '0408', 'STELLA  SOCORRO FERNANDEZ GAR', 0.0842, 'C3-0408'),
(590, 'C3', '0501', 'JOSE GUERRA', 0.0842, 'C3-0501'),
(591, 'C3', '0502', 'YOLANDA PATRICIA PARRA', 0.0842, 'C3-0502'),
(592, 'C3', '0503', 'JULIA CALDERON', 0.0842, 'C3-0503'),
(593, 'C3', '0504', 'RODRIGUEZ HECTOR EMILIO', 0.1002, 'C3-0504'),
(594, 'C3', '0505', 'OFELIA RODRIGUEZ', 0.1002, 'C3-0505'),
(595, 'C3', '0506', 'DIEGO FRANCO ARBELAEZ', 0.0842, 'C3-0506'),
(596, 'C3', '0507', 'REINA RAQUEL GONZALEZ HENAO', 0.0842, 'C3-0507'),
(597, 'C3', '0508', 'VICTOR MANUEL ROMERO', 0.0842, 'C3-0508'),
(598, 'C3', '0601', 'EDELMIRA ALBA', 0.0842, 'C3-0601'),
(599, 'C3', '0602', 'TITA APARICIO', 0.0674, 'C3-0602'),
(600, 'C3', '0603', 'STELLA JURADO', 0.0674, 'C3-0603'),
(601, 'C3', '0604', 'ADRIANA MARIA GUERRERO GIL', 0.0674, 'C3-0604'),
(602, 'C3', '0605', 'HELLMAN YESID RUSINQUE G.', 0.0674, 'C3-0605'),
(603, 'C3', '0606', 'MARIA CECILIA MARULANDA OCAMPO', 0.0674, 'C3-0606'),
(604, 'C3', '0607', 'MARIA ALCIRA MANJARRES', 0.0674, 'C3-0607'),
(605, 'C3', '0608', 'CECILIA LOPEZ DE CARDONA', 0.0842, 'C3-0608'),
(606, 'C3', '0701', 'NOHORA RODRIGUEZ', 0.0842, 'C3-0701'),
(607, 'C3', '0702', 'EDILBERTO MONTEALEGRE', 0.0842, 'C3-0702'),
(608, 'C3', '0703', 'HERMENCIA RODRIGUEZ', 0.0842, 'C3-0703'),
(609, 'C3', '0704', 'INGRID MARCELA GUTIERREZ', 0.1002, 'C3-0704'),
(610, 'C3', '0705', 'GLORIA INES PEDRAZA', 0.1002, 'C3-0705'),
(611, 'C3', '0706', 'ECOMIL E.U.', 0.0842, 'C3-0706'),
(612, 'C3', '0707', 'JAVIER AUGUSTO TORRES', 0.0842, 'C3-0707'),
(613, 'C3', '0708', 'MARIA MARLEN PARRA ROJAS', 0.0842, 'C3-0708'),
(614, 'C3', '0801', 'ELIZABETH CORTES DE MENDEZ', 0.0842, 'C3-0801'),
(615, 'C3', '0802', 'ELIZABETH CORTES DE MENDEZ', 0.0842, 'C3-0802'),
(616, 'C3', '0803', 'JUAN JACOBO PAVA', 0.0842, 'C3-0803'),
(617, 'C3', '0804', 'CARLOS MAHECHA AVILA', 0.1002, 'C3-0804'),
(618, 'C3', '0805', 'LEOPOLDO PEREZ', 0.1002, 'C3-0805'),
(619, 'C3', '0806', 'STELLA  VARCARCEL', 0.0842, 'C3-0806'),
(620, 'C3', '0807', 'GRACIELA FLOREZ', 0.0842, 'C3-0807'),
(621, 'C3', '0808', 'CARLOS BOJACA', 0.0842, 'C3-0808'),
(622, 'C3', '0901', 'GRACIELA SANABRIA DE CASTRO', 0.0842, 'C3-0901'),
(623, 'C3', '0902', 'RUTH FALKER', 0.0674, 'C3-0902'),
(624, 'C3', '0903', 'ANA MARIA MARIN ACEVEDO', 0.0674, 'C3-0903'),
(625, 'C3', '0904', 'PATRICIA GARCIA IBA¥EZ', 0.0674, 'C3-0904'),
(626, 'C3', '0905', 'AURORA LOZANO DE GUERRERO', 0.0674, 'C3-0905'),
(627, 'C3', '0906', 'DANIEL LUCIANO HERRERA GOMEZ', 0.0674, 'C3-0906'),
(628, 'C3', '0907', 'HOYOS JARAMILLO PILAR INES', 0.0674, 'C3-0907'),
(629, 'C3', '0908', 'MARIELA RIVERA SÁNCHEZ', 0.0842, 'C3-0908'),
(630, 'C3', '1001', 'AMPARO CONTRERAS', 0.0842, 'C3-1001'),
(631, 'C3', '1002', 'CECILIA ROMERO RODRIGUEZ', 0.0842, 'C3-1002'),
(632, 'C3', '1003', 'MONICA,PERLA Y JUAN PABLO VILLAM', 0.0842, 'C3-1003'),
(633, 'C3', '1004', 'JUAN MANUEL HERRERA GONZALEZ', 0.0842, 'C3-1004'),
(634, 'C3', '1005', 'ANA ISABEL TORRES', 0.0842, 'C3-1005'),
(635, 'C3', '1006', 'FABIO RAMOS PEREZ', 0.0842, 'C3-1006'),
(636, 'C3', '1007', 'DALIA RIACHI GONZALEZ', 0.0842, 'C3-1007'),
(637, 'C3', '1008', 'JERR, JONY, HALL SUAREZ GRISAL', 0.0842, 'C3-1008'),
(638, 'C3', '1101', 'NEILA DE RUEDA', 0.0842, 'C3-1101'),
(639, 'C3', '1102', 'ALIX PATRICIA OSPINA AREVALO', 0.0842, 'C3-1102'),
(640, 'C3', '1103', 'GUSTAVO MAHECHA  AVILA', 0.1002, 'C3-1103'),
(641, 'C3', '1104', 'GLORIA AVILA', 0.1002, 'C3-1104'),
(642, 'C3', '1105', 'ALBA ROCIO MENDEZ C.', 0.1002, 'C3-1105'),
(643, 'C3', '1106', 'MARTHA LUCIA GARCIA', 0.1002, 'C3-1106'),
(644, 'C3', '1107', 'MIRIAM HERRERA DE GUZMAN', 0.0842, 'C3-1107'),
(645, 'C3', '1108', 'JAIME ALVAREZ BOCANEGRA', 0.0842, 'C3-1108'),
(646, 'C3', '1201', 'MARCO A. AVELLANEDA RODRIGUEZ', 0.0842, 'C3-1201'),
(647, 'C3', '1202', 'LIGIA TORRES, NELLY Y JUAN ORT', 0.0674, 'C3-1202'),
(648, 'C3', '1203', 'BLANCA PEREZ ORTIZ', 0.0674, 'C3-1203'),
(649, 'C3', '1204', 'MARIA VICTORIA RODRIGUEZ', 0.0674, 'C3-1204'),
(650, 'C3', '1205', 'HECTOR EMILIO RODRIGUEZ RIVERO', 0.0674, 'C3-1205'),
(651, 'C3', '1206', 'FANNY GOMEZ DE MONSALVE', 0.0674, 'C3-1206'),
(652, 'C3', '1207', 'ESTHER JARAMILLO RESTREPO', 0.0674, 'C3-1207'),
(653, 'C3', '1208', 'NUBIA AMANDA HERNANDEZ', 0.0842, 'C3-1208'),
(654, 'C3', '1301', 'ESTHER TRAVECEDO VILLAREAL', 0.0842, 'C3-1301'),
(655, 'C3', '1302', 'FABIO NARVAEZ', 0.0842, 'C3-1302'),
(656, 'C3', '1303', 'LUIS JOAQUIN LEAL', 0.0842, 'C3-1303'),
(657, 'C3', '1304', 'FREDY RENE MONTAÑA', 0.1002, 'C3-1304'),
(658, 'C3', '1305', 'LUZ MARINA GUERRERO', 0.1002, 'C3-1305'),
(659, 'C3', '1306', 'NELLY DE CABRERA', 0.0842, 'C3-1306'),
(660, 'C3', '1307', 'BEATRIZ MORENO', 0.0842, 'C3-1307'),
(661, 'C3', '1308', 'MARIA TERESA TORRES', 0.0842, 'C3-1308'),
(662, 'C4', '0201', 'RAMON MEJIA CASTRO', 0.0842, 'C4-0201'),
(663, 'C4', '0202', 'MORA MONROY CONSUELO', 0.0842, 'C4-0202'),
(664, 'C4', '0203', 'CARMEN CASTILLO MURCIA', 0.0842, 'C4-0203'),
(665, 'C4', '0204', 'LOURDES QUINTERO USSA', 0.1002, 'C4-0204'),
(666, 'C4', '0205', 'DELGADO NIETO JOSE RAFAEL', 0.1002, 'C4-0205'),
(667, 'C4', '0206', 'MARIA TERESA MEDINA/LEONARDO TRUJILLO', 0.0842, 'C4-0206'),
(668, 'C4', '0207', 'ANGELA JIMENA PINZON T.', 0.0842, 'C4-0207'),
(669, 'C4', '0208', 'OLGA CRISTINA TORRES OSPINA', 0.0842, 'C4-0208'),
(670, 'C4', '0301', 'WILLIAN FERLEIN ARIZA ARIZA', 0.0842, 'C4-0301'),
(671, 'C4', '0307', 'PATRICIA CARVAJALINO MONJE', 0.0674, 'C4-0307'),
(672, 'C4', '0308', 'ANDRES ROJAS/ CLEMENCIA ROJAS', 0.0842, 'C4-0308'),
(673, 'C4', '0401', 'OLEGARIO FERNANDEZ', 0.0842, 'C4-0401'),
(674, 'C4', '0402', 'ROBERTO PINZON', 0.0842, 'C4-0402'),
(675, 'C4', '0403', 'CRISMAN MARTINEZ BARRERA', 0.0842, 'C4-0403'),
(676, 'C4', '0404', 'MARIA LAURA VALERO AMAYA', 0.1002, 'C4-0404'),
(677, 'C4', '0405', 'WILLIAN CASTRO Y OLGA ROA', 0.1002, 'C4-0405'),
(678, 'C4', '0406', 'VERONICA RODRIGUEZ FLOREZ', 0.0842, 'C4-0406'),
(679, 'C4', '0407', 'OSCAR GILBERTO GOMEZ DUARTE', 0.0842, 'C4-0407'),
(680, 'C4', '0408', 'NUBIA INES ESTUPIÑAN PEDRAZA', 0.0842, 'C4-0408'),
(681, 'C4', '0501', 'AURA STELLA NIÑO CARO', 0.0842, 'C4-0501'),
(682, 'C4', '0502', 'MARIA DORA RUBIANO DE MORALES', 0.0842, 'C4-0502'),
(683, 'C4', '0503', 'LUIS MARTINEZ/ NIEVES SOLANO', 0.0842, 'C4-0503'),
(684, 'C4', '0504', 'DIAZ CRUZ FRANCISCO FERNANDO', 0.1002, 'C4-0504'),
(685, 'C4', '0505', 'JORGE ELIECER VALDIRI', 0.1002, 'C4-0505'),
(686, 'C4', '0506', 'EMMA DEL PILAR VANEGAS', 0.0842, 'C4-0506'),
(687, 'C4', '0507', 'MARIA CECILIA MARULANDA', 0.0842, 'C4-0507'),
(688, 'C4', '0508', 'EMA CORTES BARBOSA', 0.0842, 'C4-0508'),
(689, 'C4', '0601', 'AVILA DULCEY CIELO MARIA', 0.0842, 'C4-0601'),
(690, 'C4', '0602', 'MARLEN ECHEVERRI P', 0.0674, 'C4-0602'),
(691, 'C4', '0603', 'VELASQUEZ LARA JAIME', 0.0674, 'C4-0603'),
(692, 'C4', '0604', 'ROJAS CASAS ELSA MERCEDES', 0.1877, 'C4-0604'),
(693, 'C4', '0605', 'JOJOA JAMIOY GLORIA J.', 0.0674, 'C4-0605'),
(694, 'C4', '0606', 'RODRIGO HERRERA ROMERO', 0.0674, 'C4-0606'),
(695, 'C4', '0607', 'LUZ MARINA PINZON CUELLAR', 0.0674, 'C4-0607'),
(696, 'C4', '0608', 'EDUARDO ORTEGON', 0.0842, 'C4-0608'),
(697, 'C4', '0701', 'IVANOVNA PAVELIEVA DE.MACIAS G', 0.0842, 'C4-0701'),
(698, 'C4', '0702', 'GABRIELA DUARTE MENDEZ', 0.0842, 'C4-0702'),
(699, 'C4', '0703', 'GUILLERMO TRUJILLO', 0.0842, 'C4-0703'),
(700, 'C4', '0704', 'LIGIA SIERRA BRAVO', 0.1002, 'C4-0704'),
(701, 'C4', '0705', 'OLGA ORTEGA DE CARRIAZO', 0.1002, 'C4-0705'),
(702, 'C4', '0706', 'MARTHA CECILIA MENDEZ CORTEZ', 0.0842, 'C4-0706'),
(703, 'C4', '0707', 'GERARDO CASTELLO', 0.0842, 'C4-0707'),
(704, 'C4', '0708', 'PAOLA ANDREA CORREA TORRES', 0.0842, 'C4-0708'),
(705, 'C4', '0801', 'DELIA CASTILLO NIEVES', 0.0842, 'C4-0801'),
(706, 'C4', '0802', 'NUBIA CONSUELO HERNANDEZ V.', 0.0842, 'C4-0802'),
(707, 'C4', '0803', 'JUAN BERCELINO PINEDA', 0.0842, 'C4-0803'),
(708, 'C4', '0804', 'JOSE IGNACIO BENITEZ', 0.1002, 'C4-0804'),
(709, 'C4', '0805', 'NELSON ANDRES PINEDA Y JENNY VARG', 0.1002, 'C4-0805'),
(710, 'C4', '0806', 'JOSE FERNANDO HERRERA R', 0.0842, 'C4-0806'),
(711, 'C4', '0807', 'ROSENDO LOPEZ GONZALEZ', 0.0842, 'C4-0807'),
(712, 'C4', '0808', 'CARMEN RODRIGUEZ', 0.0842, 'C4-0808'),
(713, 'C4', '0901', 'MARIA FERNANDA VELOSA R,', 0.0842, 'C4-0901'),
(714, 'C4', '0902', 'MOLINA MONTEALEGRE NARDA', 0.0674, 'C4-0902'),
(715, 'C4', '0903', 'YENNY RAMIREZ Y ANDRES ACOSTA', 0.0674, 'C4-0903'),
(716, 'C4', '0904', 'ANGELICA MARIA HERNANDEZ RESTREPO', 0.0674, 'C4-0904'),
(717, 'C4', '0905', 'MARIA Y LUCIA MALDONADO', 0.0674, 'C4-0905'),
(718, 'C4', '0906', 'HECTOR YESID GARCIA CARRILLO', 0.0674, 'C4-0906'),
(719, 'C4', '0907', 'LUIS ERNESTO  HERRERA TAMAYO', 0.0674, 'C4-0907'),
(720, 'C4', '0908', 'MERCEDES RODRIGUEZ MANCERA', 0.0842, 'C4-0908'),
(721, 'C4', '1001', 'ALICIA PALACIOS DE CASTELLI', 0.0842, 'C4-1001'),
(722, 'C4', '1002', 'ANA BELEN RUBIANO', 0.0842, 'C4-1002'),
(723, 'C4', '1003', 'MANUEL J. NIETO FORERO', 0.0842, 'C4-1003'),
(724, 'C4', '1004', 'DIEGO FRANCO VARGAS', 0.1002, 'C4-1004'),
(725, 'C4', '1005', 'AMELIA TERESA PINZON TORRES', 0.1002, 'C4-1005'),
(726, 'C4', '1006', 'ALBERTO BAQUERO Y MARTHA U', 0.0842, 'C4-1006'),
(727, 'C4', '1007', 'CECILIA ZAMUDIO GUZMAN', 0.0842, 'C4-1007'),
(728, 'C4', '1008', 'RODRIGUEZ FORERO YOLANDA', 0.0842, 'C4-1008'),
(729, 'C4', '1101', 'RAFAEL ESPINOSA CASTELLANOS', 0.0842, 'C4-1101'),
(730, 'C4', '1102', 'MARTHA ROCIO SOLER', 0.0842, 'C4-1102'),
(731, 'C4', '1103', 'JUSTO RUFINO MENA ROVIRA', 0.0842, 'C4-1103'),
(732, 'C4', '1104', 'RODRIGUEZ GARZON ANIBAL ALEJANDR', 0.1002, 'C4-1104'),
(733, 'C4', '1105', 'LUISA FERNANDA BERNAT', 0.1002, 'C4-1105'),
(734, 'C4', '1106', 'JUDITH SUAREZ DE REYES', 0.0842, 'C4-1106'),
(735, 'C4', '1107', 'MARIA DEL C.DAZA SAAVEDRA', 0.0842, 'C4-1107'),
(736, 'C4', '1108', 'MIRYAN ISABEL CARVAJALINO', 0.0842, 'C4-1108'),
(737, 'C4', '1201', 'MARIA INES CARVAJAL DE HERNANDEZ', 0.0842, 'C4-1201'),
(738, 'C4', '1202', 'JUAN CARLOS BELLO PEREZ', 0.0674, 'C4-1202'),
(739, 'C4', '1203', 'LUIS HELLMANN RUSINQUE CAMELO', 0.0674, 'C4-1203'),
(740, 'C4', '1204', 'JULIO DANIEL SAENZ Y OTRA', 0.0674, 'C4-1204'),
(741, 'C4', '1205', 'JULIA MARINA GUILLEN', 0.0674, 'C4-1205'),
(742, 'C4', '1206', 'PARDO MORATO LAURA MARCELA', 0.0674, 'C4-1206'),
(743, 'C4', '1207', 'JOSE AUGUSTO RENGIFO YEPES', 0.0674, 'C4-1207'),
(744, 'C4', '1208', 'SANDRA LILIANA RUIZ GUTIERREZ', 0.0842, 'C4-1208'),
(745, 'C4', '1301', 'NUBIA ESPERANZA HERRERA V', 0.0842, 'C4-1301'),
(746, 'C4', '1302', 'FAMILIA GONZALEZ', 0.0842, 'C4-1302'),
(747, 'C4', '1303', 'JOSE J.HENAO', 0.0842, 'C4-1303'),
(748, 'C4', '1304', 'HECTOR EMILIO RODRIGUEZ', 0.1002, 'C4-1304'),
(749, 'C4', '1305', 'JUDITH DEL CARMEN LEON', 0.1002, 'C4-1305'),
(750, 'C4', '1306', 'BEATRIZ ORTIZ', 0.0842, 'C4-1306'),
(751, 'C4', '1307', 'ADELFA DE ACOSTA', 0.0842, 'C4-1307'),
(752, 'C4', '1308', 'ELSA VALBUENA/ HECTOR RODRIGUEZ', 0.0842, 'C4-1308');

-- --------------------------------------------------------

--
-- Estructura de tabla para la tabla `entrecedrosii`
--

CREATE TABLE `entrecedrosii` (
  `id_apto` int(11) NOT NULL,
  `nombre` varchar(65) COLLATE utf8_spanish_ci NOT NULL,
  `apto` varchar(10) COLLATE utf8_spanish_ci NOT NULL,
  `coeficiente` float NOT NULL,
  `codigo` varchar(20) COLLATE utf8_spanish_ci NOT NULL
) ENGINE=MyISAM DEFAULT CHARSET=utf8 COLLATE=utf8_spanish_ci;

--
-- Volcado de datos para la tabla `entrecedrosii`
--

INSERT INTO `entrecedrosii` (`id_apto`, `nombre`, `apto`, `coeficiente`, `codigo`) VALUES
(2, 'William Nieto - Nohora Alarcón', '1-201', 0.582, '1-201'),
(3, 'Rosa Inés Parra - Eufracio Uribe', '1-202', 0.7476, '1-202'),
(4, 'María Antonia Barrios', '1-203', 0.6911, '1-203'),
(5, 'Horacio Carvajal', '1-204', 0.4626, '1-204'),
(6, 'Esther Ramírez de Vence', '1-301', 0.577, '1-301'),
(7, 'Daniel Eloy Lora Cubillos - Maria Esther Aguirre de Lora', '1-302', 0.7126, '1-302'),
(8, 'Henry Mauricio Garzón - María Paulina García', '1-303', 0.7159, '1-303'),
(9, 'Iván Maury - Francia Cecilia Rodríguez', '1-304', 0.7818, '1-304'),
(10, 'Diana Catalina Garrido N.- Helena Navarrete de Garrido', '1-401', 0.5828, '1-401'),
(11, 'Luis Miguel Cedeño - Elvira Quevedo', '1-402', 0.6485, '1-402'),
(12, 'Ernesto Andres López Arias - Viviana Carolina Salazar Rey', '1-403', 0.6177, '1-403'),
(13, 'Luz Magaly Pérez Rodríguez - Paula Lucía Duque', '1-501', 0.5048, '1-501'),
(14, 'Ernesto Gutiérrez - Elvia Camila Galarza', '1-502', 0.7008, '1-502'),
(15, 'Ricardo Carranza - Holmys Walteros', '1-503', 0.667, '1-503'),
(16, 'Adrian Castañeda - Edna Rocio Tovar', '1-504', 0.7717, '1-504'),
(17, 'Omar Javier Osorio - Martha Patricia Alvárez', '1-601', 0.5827, '1-601'),
(18, 'Maria Yenny Olmos - Javier Ignacio Acuña', '1-602', 0.7106, '1-602'),
(19, 'Fabían Ignacio Rodríguez - Susan Naranjo', '1-603', 0.6562, '1-603'),
(20, 'José Ignacio González', '1-701', 0.5739, '1-701'),
(21, 'José Rincón', '1-702', 0.7709, '1-702'),
(22, 'Andrea del Pilar Prado - José Mauricio Pertuz', '1-703', 0.6074, '1-703'),
(23, 'Pilar Suárez - José Blanco', '1-704', 0.4184, '1-704'),
(24, 'Luis Fernando Lozano Castañeda', '1-801', 0.5808, '1-801'),
(25, 'Walter romero - Gladys Cecilia romero', '1-802', 0.7275, '1-802'),
(26, 'Karym sofía Pinzón', '1-803', 0.6226, '1-803'),
(27, 'María Gladys Mesa de Betancourth - Jesús Betancourth', '1-804', 0.4082, '1-804'),
(28, 'Camilo Villegas Iriarte - ingrid Segura Lesmes', '1-901', 0.9843, '1-901'),
(29, 'Ximena del Pilar Saavedra P.', '1-902', 1.269, '1-902'),
(30, 'Maximiliano Jiménez - Paola sofía López', '1-903', 1.0506, '1-903'),
(31, 'María Michels de Retting', '1-904', 0.9805, '1-904'),
(32, 'Cristina González Chávez', '2-205', 0.4999, '2-205'),
(33, 'Olga Lucía Mora Mora', '2-206', 0.7355, '2-206'),
(34, 'Marcela Ardila Guarín', '2-207', 0.6975, '2-207'),
(35, 'Juliana Jaramillo', '2-208', 0.4312, '2-208'),
(36, 'Carolina Escamilla Pacheco - Nicolas Isaza Sierra', '2-305', 0.7894, '2-305'),
(37, 'Leonardo Urrea Devia - Luz Adriana Castillo Porras', '2-306', 0.6991, '2-306'),
(38, 'Nury Arévalo', '2-307', 0.6252, '2-307'),
(39, 'José Guillermo Gonzáles - Natalia Lozada', '2-308', 0.7894, '2-308'),
(40, 'Gustavo Adolfo Moreno - María Paula Moreno', '2-406', 0.7064, '2-406'),
(41, 'Héctor Jaime Franco - María Eugenia Herrera', '2-407', 0.6221, '2-407'),
(42, 'Hernán Jair Avendaño - María Andrea Gutiérrez', '2-505', 0.825, '2-505'),
(43, 'Javier Méndez - Ana María Medellín', '2-506', 0.6912, '2-506'),
(44, 'Carlos A. Sarquez - Viviana Fonnegra', '2-507', 0.6169, '2-507'),
(45, 'Roberto José Varela - Estefanía Gaviria', '2-508', 0.8137, '2-508'),
(46, 'Julio Gutiérrez - María Rosa Fernández', '2-606', 0.6991, '2-606'),
(47, 'Pilar de Meneses', '2-607', 0.6495, '2-607'),
(48, 'Gabriel Enrique Pérez - Lida María Santos', '2-705', 0.7984, '2-705'),
(49, 'Ruth Pinto', '2-706', 0.7009, '2-706'),
(50, 'Clemencia Tamayo - Keneth Escobar', '2-707', 0.6141, '2-707'),
(51, 'Mauricio Churny', '2-708', 0.8206, '2-708'),
(52, 'Enrique Sarmiento - Gladys Cleves', '2-806', 0.8495, '2-806'),
(53, 'Wilson Marin Cañon', '2-807', 0.6369, '2-807'),
(54, 'Javier Osorio', '2-905', 0.8151, '2-905'),
(55, 'María Carolina Grosclaude Fernández - Fabio Alexander Ospina', '2-906', 1.3081, '2-906'),
(56, 'Ricardo Moreno Campos - Lina Prieto Ruíz', '2-907', 1.1065, '2-907'),
(57, 'Martha Piñeros - Andrés Camelo', '2-908', 0.9511, '2-908'),
(58, 'Aduardo Armando Bernal', '3-209', 0.4281, '3-209'),
(59, 'Luz Adriana Calderón', '3-210', 0.803, '3-210'),
(60, 'Elsy Vargas Carrasquilla', '3-211', 0.659, '3-211'),
(61, 'Daniel Villegas Guzmán', '3-212', 0.4236, '3-212'),
(62, 'Luis Aparicio - Gema Marlén', '3-309', 0.4138, '3-309'),
(63, 'Germán Puerto Pacheco', '3-310', 0.7212, '3-310'),
(64, 'Juan González - Nubia Velásquez', '3-311', 0.6087, '3-311'),
(65, 'Consuelo Vidal', '3-312', 0.5655, '3-312'),
(66, 'Pablo Hugo Bernal', '3-409', 0.4178, '3-409'),
(67, 'Rocio Pardo', '3-410', 0.6971, '3-410'),
(68, 'Rocio Pardo - Geomar Pardo', '3-411', 0.6159, '3-411'),
(69, 'María Angélica González', '3-412', 0.4209, '3-412'),
(70, 'Luz Stella Fonseca', '3-509', 0.4195, '3-509'),
(71, 'María Josefa Navia', '3-510', 0.6912, '3-510'),
(72, 'Carmén Ofelia Rey', '3-511', 0.5881, '3-511'),
(73, 'Nohora Otálora', '3-512', 0.4047, '3-512'),
(74, 'Adalgiza Hernández', '3-609', 0.4104, '3-609'),
(75, 'Henry Hernando Chica', '3-610', 0.7428, '3-610'),
(76, 'Juan David Arévalo Arias', '3-611', 0.6446, '3-611'),
(77, 'Martha Cecilia Encizo', '3-612', 0.4068, '3-612'),
(78, 'Jorge Hernán Gómez Cardona', '3-709', 0.4078, '3-709'),
(79, 'Edgar Alfonso Piñeros - Mercedes de Piñeros', '3-710', 0.6888, '3-710'),
(80, 'Clara Inés Castillo Ladino - José Paéz', '3-711', 0.6704, '3-711'),
(81, 'Alberto La Madrid Vuelvas', '3-712', 0.3971, '3-712'),
(82, ' Daniela González (Apoderada)', '3-809', 0.4073, '3-809'),
(83, 'Bernardo Gómez - María Lucía León', '3-810', 0.7879, '3-810'),
(84, 'María Teresa Leyva', '3-811', 0.637, '3-811'),
(85, 'María Yolanda Hoyos de Berrio', '3-812', 0.4523, '3-812'),
(86, 'Sandra Ballesteros Osorio', '3-909', 0.8288, '3-909'),
(87, 'Miguel Cortés - Luis Cataño (arrendatario) único contacto', '3-910', 1.2113, '3-910'),
(88, 'Oliva Godoy', '3-911', 1.0427, '3-911'),
(89, 'Henry Franco - Adriana Alvárez (Lina Rodríguez Fliar.)', '3-912', 0.9511, '3-912'),
(90, 'Miryam Casallas (con poder escritura) - María del Pilar Ruíz', '4-213', 0.8738, '4-213'),
(91, 'CARLOS DURAN Y ASOCIADOS', '4-214', 0.4184, '4-214'),
(92, 'Edgar Marino - Martha Hilda Osorio', '4-215', 0.9198, '4-215'),
(93, 'Carlos Roberto Varela - Nidia Consuelo Galindo', '4-313', 0.8965, '4-313'),
(94, 'Luz Stella Mantilla', '4-314', 0.4216, '4-314'),
(95, 'Alirio Chavarro - María Isabel Mayusa de Chavarro', '4-315', 0.8981, '4-315'),
(96, 'jimmy Leonardo Jiménez - Yuly Andrea Calle Sierra', '4-413', 0.874, '4-413'),
(97, 'Oscar Pinzón - Rocio Esperanza Moyano', '4-414', 0.5274, '4-414'),
(98, 'Jorge David Hernández - Diana Alejandra Cely', '4-415', 0.8746, '4-415'),
(99, 'Ariel José Barrios - Eliana Barrios', '4-513', 0.8684, '4-513'),
(100, 'Dorían Aponte', '4-514', 0.4402, '4-514'),
(101, 'Inversiones Baztan - Rosario Irurita', '4-515', 0.8678, '4-515'),
(102, 'Carlos Francisco Ordoñez - Guillermo Dallos (familiar)', '4-613', 0.9022, '4-613'),
(103, 'Alicia Inés Torres Correa', '4-614', 0.4457, '4-614'),
(104, 'Martha Patricia Corredor', '4-615', 0.8746, '4-615'),
(105, 'Cesar Augusto Penagos Perdomo', '4-713', 0.9099, '4-713'),
(106, 'Jorge Enrique García - Olga Constanza González', '4-714', 0.4397, '4-714'),
(107, 'Carlos Alberto Tengonoff Céspedes - lorena García Leal', '4-715', 0.8874, '4-715'),
(108, 'Beatríz Contreras de Colmenares', '4-813', 0.9099, '4-813'),
(109, 'Juan Carlos Vargas Amaya - Adriana González Gelvez', '4-814', 1.2847, '4-814'),
(110, 'Juan David Pineda - Tatiana Paola Rodríguez Laiseca', '4-815', 0.8746, '4-815'),
(111, 'Adriana Lozano - Luis Alejandro Rodríguez', '4-913', 1.4865, '4-913'),
(112, 'Guillermo Florez - Ana Yolanda de Florez', '4-915', 1.5646, '4-915'),
(113, 'Néstor Espinosa Baquero - Daniel Espinosa Morales', '5-216', 0.8197, '5-216'),
(114, 'Harold Enrique Morales - Ana Barrera López', '5-217', 0.7244, '5-217'),
(115, 'Ayda Nury Rodríguez Rojas - Anastasio Rodríguez ', '5-218', 0.8852, '5-218'),
(116, 'Elizabeth Villamil de Mateus', '5-316', 0.7133, '5-316'),
(117, 'Fernando Murillo - María Murillo', '5-317', 0.5857, '5-317'),
(118, 'Juan Carlos Avila - Adriana del Pilar Bayona', '5-318', 0.8893, '5-318'),
(119, 'Diego Alexander Silva - Marcela Bajonero', '5-416', 0.7866, '5-416'),
(120, 'Luis María Suárez - Tatiana Cordoba', '5-417', 0.583, '5-417'),
(121, 'Luz Stella Mantilla Parra', '5-418', 0.894, '5-418'),
(122, 'José Dario Forero - Inefina Cordoba Chala', '5-516', 0.7866, '5-516'),
(123, 'Julia Viviana Rojas - José Manuel Castro', '5-517', 0.6167, '5-517'),
(124, 'Carlos Rueda', '5-518', 0.9003, '5-518'),
(125, 'María Fernanda Martínez - José alejandro García', '5-616', 0.7846, '5-616'),
(126, 'Gareth Garner - Huffington May', '5-617', 0.6576, '5-617'),
(127, 'Juan Pablo Jaramillo - Mónica Arrieta', '5-618', 0.9021, '5-618'),
(128, 'Nicolas García Puentes - Viviana Marcela Gómez', '5-716', 0.7846, '5-716'),
(129, 'Felipe Cruz - Paula Acosta', '5-717', 0.5809, '5-717'),
(130, 'Cesar Dario Valderrama - Catherine Barbosa', '5-718', 0.8959, '5-718'),
(131, 'Hassan Andrey Schadid Leguizamón - Marleny Leguizamón Martínez', '5-816', 0.8193, '5-816'),
(132, 'Damarys Rodríguez Velásquez', '5-817', 0.6131, '5-817'),
(133, 'Rafael Umaña - Zorayda Torregosa', '5-518', 0.9663, '5-518'),
(134, 'Guillermo Espinosa', '5-916', 1.4734, '5-916'),
(135, 'Fernando Rodríguez - Elsa Patricia Medina', '5-917', 1.3412, '5-917'),
(136, 'Gustavo Polanía Vega - Yolanda Molina de Polanía', '5-918', 1.657, '5-918'),
(137, 'Martha Osorio (apto.4-215)', 'depos-102', 0, 'depos-102'),
(138, 'Bernardo Gómez (APTO. 3-810)', 'depos-127', 0, 'depos-127'),
(139, 'Luis Rodrigo Olmos ( entrecedros I)', 'depos-18', 0.0206, 'depos-18'),
(140, 'Gustavo Polanía (5-918)', 'depos-19', 0, 'depos-19'),
(141, 'Bernardo Gómez (3-810)', 'depos-21', 0, 'depos-21'),
(142, 'Nancy Melida Rodríguez (Entrecedros I) - Externa', 'depos-28', 0.0206, 'depos-28'),
(143, 'Pilar Ramos (Entrecedros 1)', 'depos-30', 0.0164, 'depos-30'),
(144, 'Gladys Patiño de Cuellar (Entrecedros 1)', 'depos-32', 0.0172, 'depos-32'),
(145, 'Nelson Chávez (Externo)', 'depos-36', 0.0172, 'depos-36'),
(146, 'CamiloOrlando Rangel (Entrecedros I)', 'depos-52', 0.0218, 'depos-52'),
(147, 'Horacio Carvajal (1-204)', 'depos-53', 0, 'depos-53'),
(148, 'Ligia Correa 2-906', 'parq-162', 0, 'parq-162');

-- --------------------------------------------------------

--
-- Estructura de tabla para la tabla `opcionesdevotacion`
--

CREATE TABLE `opcionesdevotacion` (
  `ID_OPCION` int(10) NOT NULL,
  `DESCRIPCION` varchar(100) NOT NULL,
  `id_ptoasamblea` int(10) NOT NULL,
  `n_opcionpunto` int(100) NOT NULL
) ENGINE=MyISAM DEFAULT CHARSET=utf8;

--
-- Volcado de datos para la tabla `opcionesdevotacion`
--

INSERT INTO `opcionesdevotacion` (`ID_OPCION`, `DESCRIPCION`, `id_ptoasamblea`, `n_opcionpunto`) VALUES
(1, 'SI', 1, 1),
(2, 'NO', 1, 2),
(3, 'BLANCO', 1, 3),
(4, 'SI', 2, 1),
(5, 'NO', 2, 2),
(6, 'BLANCO', 2, 3),
(7, 'SI', 3, 1),
(8, 'NO', 3, 2),
(9, 'BLANCO', 3, 3),
(10, 'SI', 4, 1),
(11, 'NO', 4, 2),
(12, 'BLANCO', 4, 3);

-- --------------------------------------------------------

--
-- Estructura de tabla para la tabla `puntosasamblea`
--

CREATE TABLE `puntosasamblea` (
  `id_ptoasamblea` int(10) NOT NULL,
  `punto` varchar(60) COLLATE utf8_spanish_ci NOT NULL,
  `contenido` varchar(20) COLLATE utf8_spanish_ci NOT NULL,
  `opciones` varchar(30) COLLATE utf8_spanish_ci NOT NULL
) ENGINE=MyISAM DEFAULT CHARSET=utf8 COLLATE=utf8_spanish_ci;

--
-- Volcado de datos para la tabla `puntosasamblea`
--

INSERT INTO `puntosasamblea` (`id_ptoasamblea`, `punto`, `contenido`, `opciones`) VALUES
(1, 'Aprobacion Presupuesto', '', ''),
(2, 'Eleccion Fiscal', '', ''),
(3, 'Reporte Estados Financieros', '', ''),
(4, 'Eleccion Comites', '', '');

-- --------------------------------------------------------

--
-- Estructura de tabla para la tabla `quintasantamariaiii`
--

CREATE TABLE `quintasantamariaiii` (
  `id_casa` bigint(200) NOT NULL,
  `nombre` varchar(60) COLLATE utf8_spanish_ci NOT NULL,
  `coeficiente` float NOT NULL,
  `codigo` varchar(12) COLLATE utf8_spanish_ci DEFAULT NULL
) ENGINE=MyISAM DEFAULT CHARSET=utf8 COLLATE=utf8_spanish_ci;

--
-- Volcado de datos para la tabla `quintasantamariaiii`
--

INSERT INTO `quintasantamariaiii` (`id_casa`, `nombre`, `coeficiente`, `codigo`) VALUES
(1, 'JUAN CARLOS CORREA CORREA', 0.8835, 'C-1'),
(2, 'LEONOR ALONSO RODRIGUEZ', 0.8835, 'C-2'),
(3, 'BEATRIZ ADRIANA LOZADA GOMEZ', 0.833, 'C-3'),
(4, 'MARIA SIRENIA ALVARADO DE REYES', 0.833, 'C-4'),
(5, 'GABRIEL JAIME SALDARRIAGA', 0.8835, 'C-5'),
(6, 'BERNARDO EUTIMIO SUAREZ', 0.8835, 'C-6'),
(7, 'JORGE CAMILO A. GOMEZ MARTINEZ', 0.833, 'C-7'),
(8, 'MARLEN ORAMAS DE ACEVEDO', 0.833, 'C-8'),
(9, 'PABLO EMILIO BELLO PEDROZA', 0.8835, 'C-9'),
(10, 'AUGUSTO CASTILLO OJEDA', 0.8835, 'C-10'),
(11, 'FERNANDO CARDENAS GOMEZ', 0.8835, 'C-11'),
(12, 'CECILIA LOPEZ DE CORDERO', 0.8835, 'C-12'),
(13, 'ERIBALDO ACOSTA ACOSTA', 0.833, 'C-13'),
(14, 'JOE IVAN ROBAYO/LEASING DAVIVIENDA', 0.833, 'C-14'),
(15, 'JORGE CESPEDES TRUJILLO/ ANA MARIA GUALDRON', 0.8835, 'C-15'),
(16, 'LUZ AURORA CARRILLO FARFAN/LEASING BANCOLOMBIA', 0.8835, 'C-16'),
(17, 'RICARDO MEJIA', 0.833, 'C-17'),
(18, 'LUDY CHIPAGRA/LEASING DAVIVIENDA', 0.833, 'C-18'),
(19, 'LUZ MARIELA BARRERA MORERA', 0.8835, 'C-19'),
(20, 'JUAN CARLOS ACOSTA/ADRIANA DIAZ STERLING', 0.8835, 'C-20'),
(21, 'RICARDO A. OLIVEROS / ANA M. SUAREZ', 0.833, 'C-21'),
(22, 'JORGE ENRIQUE BELTRAN BELTRAN', 0.9927, 'C-22'),
(23, 'FERNANDO ALBERTO CAMARGO', 0.8835, 'C-23'),
(24, 'JUAN E. ARCOS/MARITZABEL GARCIA', 0.833, 'C-24'),
(25, 'AURORA BUSTOS DE PARRA', 0.833, 'C-25'),
(26, 'JAIRO ENRIQUE CORTES/JUANA DORIS DIAZ', 0.8835, 'C-26'),
(27, 'FABIO SANTIAGO ROMERO', 0.8835, 'C-27'),
(28, 'JUDY CANTOR/LEASING BANCOLOMBIA', 0.833, 'C-28'),
(29, 'CARMENZA GUTIERREZ GOMEZ', 0.833, 'C-29'),
(30, 'ALEXANDER CERVERA RAMIREZ', 0.8835, 'C-30'),
(31, 'LUIS OSPINA GIRALDO/HILDARY HIDALGO LINARES', 0.8835, 'C-31'),
(32, 'JUANCARLOS LEAL/NELSY HUERTAS', 0.833, 'C-32'),
(33, 'JORGE ELIECER VEGA ESTUPIÑAN', 0.833, 'C-33'),
(34, 'DIEGO FELIPE GALLEGO MARTINEZ', 0.8835, 'C-34'),
(35, 'NELSON A. CASAS ALFONSO', 0.8835, 'C-35'),
(36, 'JOSE RICARDO JAIMES FLECHAS', 0.833, 'C-36'),
(37, 'RAFAEL INFANTE/LUCIA BUSTOS', 0.833, 'C-37'),
(38, 'JUAN EDUARDO CAMACHO', 0.8835, 'C-38'),
(39, 'DIEGO ANTONIO HUERTAS BUITRAGO', 0.8835, 'C-39'),
(40, 'RICARDO H. RONCANCIO / NUBIA CILENY SOCHE', 0.833, 'C-40'),
(41, 'CARLOS ALBERTO LAVERDE GOMEZ', 0.833, 'C-41'),
(42, 'JOSE ERNESTO MORENO ', 0.8835, 'C-42'),
(43, 'SONIA S.ROMERO TORRES', 0.8835, 'C-43'),
(44, 'MARTHA JANETH TAMAYO', 0.833, 'C-44'),
(45, 'DORIS ANA HIDALGO DE GARCIA', 0.8835, 'C-45'),
(46, 'GLADYS SOLANO GONZALEZ', 0.8835, 'C-46'),
(47, 'CARLOS ARTURO GUEVARA RAMIREZ', 0.833, 'C-47'),
(48, 'WILSON G. ROJAS S./MARIA VICTORIA VEGA', 0.833, 'C-48'),
(49, 'JULIO ALBERTO MARTINEZ RABA/ADELA CERVERA RAMIREZ', 0.8835, 'C-49'),
(50, 'CLAUDIA GUISELA GAITAN ARIZA', 0.8835, 'C-50'),
(51, 'ZULY CONSTANZA GUTIERREZ', 0.833, 'C-51'),
(52, 'BANCO DAVIVIENDA/LUIS E. OSORIO', 0.833, 'C-52'),
(53, 'ALBA LIZ JARAMILLO HERNANDEZ', 0.8835, 'C-53'),
(54, 'EDWIN DURAN RAMIREZ', 0.8835, 'C-54'),
(55, 'ADRIANA ALVARADO FORERO', 1.0099, 'C-55'),
(56, 'ALVARO RICAURTE/DILIA E. FRANCO', 1.0099, 'C-56'),
(57, 'MARTHA LICIA FRANCO BUITRAGO', 0.8835, 'C-57'),
(58, 'NILSA IDALI ERAZO ORTEGA', 0.8835, 'C-58'),
(59, 'MARTHA LIGIA MARTINEZ ', 0.833, 'C-59'),
(60, 'FLAVIO EMILIO HERNANDEZ', 0.833, 'C-60'),
(61, 'ANDRES NUÑEZ/CLAUDIA P. TABARES', 0.8835, 'C-61'),
(62, 'JAIME PEÑALOZA GOMEZ', 0.8835, 'C-62'),
(63, 'YAQUELINE MARIN/FREDY JAVIER PUENTES', 0.833, 'C-63'),
(64, 'NIDYA E GARZON TAUTA/IVAN DARIO CHAVARRO GARZON', 0.833, 'C-64'),
(65, 'LUIS EMIRO SALAZAR/NELLY ORTIZ OSORIO', 0.8835, 'C-65'),
(66, 'GINA MARCELA VACA SANTOS', 0.8835, 'C-66'),
(67, 'DAVID E. MARTINEZ/MARIA ESPERANZA LOPEZ VILLA', 1.0099, 'C-67'),
(68, 'ANTILLANA INVERSIONES SAS', 0.833, 'C-68'),
(69, 'JOSE H GARZON/BLANCA C. RICO', 0.833, 'C-69'),
(70, 'JAIR MUÑOZ MORENO/AMALFI PINEDA', 0.8835, 'C-70'),
(71, 'MARIA INES LEON DE HERNANDEZ', 0.8835, 'C-71'),
(72, 'NIDIA RAMON BEDOYA', 0.833, 'C-72'),
(73, 'JASITH STEFANIA LOPEZ GAMEZ', 0.833, 'C-73'),
(74, 'CARLOS ALBERTO CAMARGO', 0.8835, 'C-74'),
(75, 'JAIRO VEGA BERMEO/GLORIA P. RICO', 0.8835, 'C-75'),
(76, 'OSCAR HERNANDO SUAREZ', 0.833, 'C-76'),
(77, 'MIGUEL ANTONIO FAJARDO/AIDEE BUSTAMANTE', 0.833, 'C-77'),
(78, 'MARTHA PATRICIA PRECIADO', 0.8835, 'C-78'),
(79, 'MAURICIO ARANGO DUQUE', 0.8835, 'C-79'),
(80, 'JUVENAL HUMBERTO RAMIREZ', 0.833, 'C-80'),
(81, 'ADRIANA MARITZA SIERRA FORERO', 0.833, 'C-81'),
(82, 'JUVENAL H. RAMIREZ/MARINA RODRIGUEZ', 0.8835, 'C-82'),
(83, 'MARIO E. JOSE VILLADIEGO/MARIA CLAUDIA BARRETO', 0.8835, 'C-83'),
(84, 'PEDRO N. MALDONADO A./FLOR M. RUIZ', 0.833, 'C-84'),
(85, 'MARTHA DELIA MENDOZA RODRIGUEZ', 0.833, 'C-85'),
(86, 'LUISA FERNANDA VASQUEZ AMAYA', 0.8835, 'C-86'),
(87, 'ENRIQUE VALBUENA/FLOR MARINA YAÑEZ', 0.8835, 'C-87'),
(88, 'ALCIDES VALERO/LEONILA PINTO', 0.833, 'C-88'),
(89, 'ALCIRA GARZON', 0.833, 'C-89'),
(90, 'AYMER EDUERDO SOLER RINCON', 0.8835, 'C-90'),
(91, 'SONIA CONTANZA GARCIA GOMEZ', 0.8835, 'C-91'),
(92, 'SEBASTIAN AGUILAR RANGEL', 0.833, 'C-92'),
(93, 'MARIA ELSA MEDINA HORTA', 0.9927, 'C-93'),
(94, 'BLANCA HILDA PRIETO PINILLA', 0.9927, 'C-94'),
(95, 'JUAN MANUEL CUBILLOS/GLORIA A. OSPINA', 0.833, 'C-95'),
(96, 'ANDREA SILVANA CERON SATIZABAL/DANIEL ENRIQUE CERON SATIZABA', 0.8835, 'C-96'),
(97, 'HELIO H. BELTRAN CUELLAR', 0.8835, 'C-97'),
(98, 'ARIEL ARIAS NUÑEZ/MARTHA ISABEL LABRADOR', 0.833, 'C-98'),
(99, 'MAURICIO H. BONILLA C.', 0.833, 'C-99'),
(100, 'INGRID PATRICIA TORRES DELGADO', 0.8835, 'C-100'),
(101, 'JUAN HERNANDO BRAVO REYES', 0.8835, 'C-101'),
(102, 'JOSE F. BUSTAMANTE/GLORIA P. RAMIREZ', 0.833, 'C-102'),
(103, 'JOSE FARITH SERRANO ROJAS', 0.9927, 'C-103'),
(104, 'FERNANDO E VELEZ/DORA C. ROGRIGUEZ', 0.9927, 'C-104'),
(105, 'MATILDE ALDANA PEÑA/MAXIMINO G. PINEDA P.', 0.833, 'C-105'),
(106, 'BERCELINO JOSE RAMIREZ/AURA AMANDA MILLAN', 0.8835, 'C-106'),
(107, 'FEDERICO DE JESUS LOPEZ', 0.8835, 'C-107'),
(108, 'JORGE ALBERTO SOLER/NOHORA ESPERANZA RODRIGUEZ', 0.833, 'C-108'),
(109, 'JOSE MIGUEL ESPITIA Q./FLOR ELENA SEGURA', 0.833, 'C-109'),
(110, 'CLARA INES BARAJAS RANGEL', 0.8835, 'C-110'),
(111, 'ANGELA ROSA TRIANA DURAN', 0.8835, 'C-111'),
(112, 'ELIANY C. ALMANZA TORRES/JACKELINE TORRES MEJIA', 0.833, 'C-112'),
(113, 'BLANCA PATRICIA CASTAÑEDA ROJAS', 0.833, 'C-113'),
(114, 'RAUL JAIME HERNANDEZ', 0.8835, 'C-114'),
(115, 'AMPARO ANGELA CASTRO COLMENARES', 0.8808, 'C-115');

-- --------------------------------------------------------

--
-- Estructura de tabla para la tabla `tipousuarios`
--

CREATE TABLE `tipousuarios` (
  `id_Tipo` int(100) NOT NULL,
  `Descripcion` varchar(55) CHARACTER SET utf8 COLLATE utf8_spanish_ci NOT NULL,
  `tabla` varchar(20) CHARACTER SET utf8 COLLATE utf8_spanish_ci NOT NULL,
  `activo` varchar(10) NOT NULL
) ENGINE=MyISAM DEFAULT CHARSET=utf8;

--
-- Volcado de datos para la tabla `tipousuarios`
--

INSERT INTO `tipousuarios` (`id_Tipo`, `Descripcion`, `tabla`, `activo`) VALUES
(1, 'CONJUNTO URBANO ANTONIO NARINO', 'cuantonionarino', ''),
(2, 'CONJUNTO RESIDENCIAL ENTRECEDROS II', 'entrecedrosii', ''),
(3, 'CAMINO DEL VIENTO 2 APARTAMENTOS', 'caminoviento', ''),
(4, 'CONJUNTO RESIDENCIAL QUINTAS DE SANTA MARIA III', 'quintasantamariaiii', ''),
(5, 'CONJUNTO RESIDENCIAL BOLIVIA XIII', 'boliviaxiii', ''),
(6, 'CONJUNTO RESIDENCIAL SAN CARLOS DE BARILOCHE', 'sancarlosbariloche', ''),
(7, 'CONDOMINIO NUEVO SALITRE P.H.', 'nuevosalitre', ''),
(8, 'CONJUNTO RESIDENCIAL BALCONES DE SEVILLA', 'balconessevilla', ''),
(9, 'CONJUNTO RESIDENCIAL VILLAS DE TOSCANA', 'villastoscana', ''),
(10, 'CONJUNTO NOVA 189', 'novatorre', '');

-- --------------------------------------------------------

--
-- Estructura de tabla para la tabla `totalpregunta`
--

CREATE TABLE `totalpregunta` (
  `id_pregunta` int(11) NOT NULL,
  `total` int(11) NOT NULL
) ENGINE=MyISAM DEFAULT CHARSET=utf8 COLLATE=utf8_spanish_ci;

-- --------------------------------------------------------

--
-- Estructura de tabla para la tabla `users`
--

CREATE TABLE `users` (
  `idusr` int(11) NOT NULL,
  `nombre` varchar(8) NOT NULL,
  `Usr` varchar(6) NOT NULL,
  `Paswd` varchar(10) NOT NULL,
  `Ultimo_Acceso` datetime NOT NULL
) ENGINE=MyISAM DEFAULT CHARSET=utf8;

--
-- Volcado de datos para la tabla `users`
--

INSERT INTO `users` (`idusr`, `nombre`, `Usr`, `Paswd`, `Ultimo_Acceso`) VALUES
(1, 'jean', 'jcholo', '98386e50d2', '0000-00-00 00:00:00');

-- --------------------------------------------------------

--
-- Estructura de tabla para la tabla `votacion`
--

CREATE TABLE `votacion` (
  `id_votacion` int(11) NOT NULL,
  `punto_activo` int(11) NOT NULL,
  `id_propietario` varchar(10) COLLATE utf8_spanish_ci NOT NULL,
  `id_punto` int(11) NOT NULL,
  `id_opcion` int(11) NOT NULL,
  `coeficiente` float NOT NULL,
  `NULO` varchar(5) COLLATE utf8_spanish_ci DEFAULT NULL,
  `fecha` datetime NOT NULL
) ENGINE=MyISAM DEFAULT CHARSET=utf8 COLLATE=utf8_spanish_ci;

--
-- Volcado de datos para la tabla `votacion`
--

INSERT INTO `votacion` (`id_votacion`, `punto_activo`, `id_propietario`, `id_punto`, `id_opcion`, `coeficiente`, `NULO`, `fecha`) VALUES
(1, 0, '01-101', 1, 1, 0.288, 'X', '2017-03-26 12:27:00'),
(2, 1, '01-101', 1, 1, 0.288, '', '2017-03-26 12:27:28');

--
-- Índices para tablas volcadas
--

--
-- Indices de la tabla `asistencia_quorum`
--
ALTER TABLE `asistencia_quorum`
  ADD PRIMARY KEY (`id_asistencia`),
  ADD UNIQUE KEY `codigo_propietario` (`codigo_propietario`);

--
-- Indices de la tabla `cuantonionarino`
--
ALTER TABLE `cuantonionarino`
  ADD PRIMARY KEY (`id_apto`);

--
-- Indices de la tabla `entrecedrosii`
--
ALTER TABLE `entrecedrosii`
  ADD PRIMARY KEY (`id_apto`);

--
-- Indices de la tabla `opcionesdevotacion`
--
ALTER TABLE `opcionesdevotacion`
  ADD PRIMARY KEY (`ID_OPCION`);

--
-- Indices de la tabla `puntosasamblea`
--
ALTER TABLE `puntosasamblea`
  ADD PRIMARY KEY (`id_ptoasamblea`);

--
-- Indices de la tabla `quintasantamariaiii`
--
ALTER TABLE `quintasantamariaiii`
  ADD PRIMARY KEY (`id_casa`),
  ADD UNIQUE KEY `codigo_asistencia` (`codigo`);

--
-- Indices de la tabla `tipousuarios`
--
ALTER TABLE `tipousuarios`
  ADD PRIMARY KEY (`id_Tipo`);

--
-- Indices de la tabla `totalpregunta`
--
ALTER TABLE `totalpregunta`
  ADD PRIMARY KEY (`id_pregunta`);

--
-- Indices de la tabla `users`
--
ALTER TABLE `users`
  ADD PRIMARY KEY (`idusr`),
  ADD UNIQUE KEY `Usr` (`Usr`);

--
-- Indices de la tabla `votacion`
--
ALTER TABLE `votacion`
  ADD PRIMARY KEY (`id_votacion`);

--
-- AUTO_INCREMENT de las tablas volcadas
--

--
-- AUTO_INCREMENT de la tabla `asistencia_quorum`
--
ALTER TABLE `asistencia_quorum`
  MODIFY `id_asistencia` int(11) NOT NULL AUTO_INCREMENT, AUTO_INCREMENT=2;
--
-- AUTO_INCREMENT de la tabla `cuantonionarino`
--
ALTER TABLE `cuantonionarino`
  MODIFY `id_apto` int(11) NOT NULL AUTO_INCREMENT, AUTO_INCREMENT=753;
--
-- AUTO_INCREMENT de la tabla `entrecedrosii`
--
ALTER TABLE `entrecedrosii`
  MODIFY `id_apto` int(11) NOT NULL AUTO_INCREMENT, AUTO_INCREMENT=149;
--
-- AUTO_INCREMENT de la tabla `opcionesdevotacion`
--
ALTER TABLE `opcionesdevotacion`
  MODIFY `ID_OPCION` int(10) NOT NULL AUTO_INCREMENT, AUTO_INCREMENT=13;
--
-- AUTO_INCREMENT de la tabla `puntosasamblea`
--
ALTER TABLE `puntosasamblea`
  MODIFY `id_ptoasamblea` int(10) NOT NULL AUTO_INCREMENT, AUTO_INCREMENT=5;
--
-- AUTO_INCREMENT de la tabla `quintasantamariaiii`
--
ALTER TABLE `quintasantamariaiii`
  MODIFY `id_casa` bigint(200) NOT NULL AUTO_INCREMENT, AUTO_INCREMENT=116;
--
-- AUTO_INCREMENT de la tabla `tipousuarios`
--
ALTER TABLE `tipousuarios`
  MODIFY `id_Tipo` int(100) NOT NULL AUTO_INCREMENT, AUTO_INCREMENT=11;
--
-- AUTO_INCREMENT de la tabla `totalpregunta`
--
ALTER TABLE `totalpregunta`
  MODIFY `id_pregunta` int(11) NOT NULL AUTO_INCREMENT;
--
-- AUTO_INCREMENT de la tabla `users`
--
ALTER TABLE `users`
  MODIFY `idusr` int(11) NOT NULL AUTO_INCREMENT, AUTO_INCREMENT=2;
--
-- AUTO_INCREMENT de la tabla `votacion`
--
ALTER TABLE `votacion`
  MODIFY `id_votacion` int(11) NOT NULL AUTO_INCREMENT, AUTO_INCREMENT=3;
/*!40101 SET CHARACTER_SET_CLIENT=@OLD_CHARACTER_SET_CLIENT */;
/*!40101 SET CHARACTER_SET_RESULTS=@OLD_CHARACTER_SET_RESULTS */;
/*!40101 SET COLLATION_CONNECTION=@OLD_COLLATION_CONNECTION */;
